date,venue,race,race_id,start_time,model,model_label,model_desc,run_id,horse,jockey,trainer,tab_number,barrier,tr_rank,early_rank,mid_rank,late_rank,total_rank,wpr_rank,weight_trend,wins_at_dist,fixed_win_price,starting_price_sp,price_top,finish_position,won,placed,resulted,pf_ai_rank,pf_ai_price,pf_ai_score,pf_class_rank,pf_last600_rank,pf_last400_rank,pf_last200_rank,pf_run_style,pf_class_change,edge_rules
2026-05-01,Mt Garnet,1,1357991,2026-05-01T03:30:00+00:00,main,Main,Mid≤2 + Late≤2 + Total≤3 + WPR≤4 (gate min $3 at bet placement),14101416,Stellar Legend,Adam Sewell,Lachie Manzelmann,6,9,,5.0,1.0,2.0,1.0,2.0,-0.6,0.0,,8.0,8.0,2.0,0.0,1.0,1,,,,,,,,,,
2026-05-09,Leeton,4,1358919,2026-05-09T05:15:00+00:00,main,Main,Mid≤2 + Late≤2 + Total≤3 + WPR≤4 (gate min $3 at bet placement),14123853,Kulina,Emma Ly,D P Dwyer,14,4,,9.0,2.0,1.0,1.0,1.0,3.2,1.0,,9.0,9.0,1.0,1.0,1.0,1,,,,,,,,,,
2026-05-09,Leeton,2,1358923,2026-05-09T03:45:00+00:00,main,Main,Mid≤2 + Late≤2 + Total≤3 + WPR≤4 (gate min $3 at bet placement),14123932,Harry Devil,J Keating,Saab Hasan,1,6,,9.0,1.0,1.0,2.0,2.0,0.5,0.0,,3.8,3.8,1.0,1.0,1.0,1,,,,,,,,,,
2026-05-09,Quambone,5,1358926,2026-05-09T05:45:00+00:00,main,Main,Mid≤2 + Late≤2 + Total≤3 + WPR≤4 (gate min $3 at bet placement),14123963,I'm Scarlett,Amber Collins,Connie Greig,2,6,,4.0,1.0,2.0,1.0,1.0,11.9,2.0,,2.8,2.8,1.0,1.0,1.0,1,,,,,,,,,,
2026-05-09,Quambone,3,1358928,2026-05-09T04:25:00+00:00,main,Main,Mid≤2 + Late≤2 + Total≤3 + WPR≤4 (gate min $3 at bet placement),14123986,Trifecta Ruby,Leandro Ribeiro,Connie Greig,3,3,,4.0,1.0,2.0,1.0,2.0,-4.0,1.0,,3.2,3.2,4.0,0.0,0.0,1,,,,,,,,,,
2026-05-09,Quambone,1,1358929,2026-05-09T03:15:00+00:00,main,Main,Mid≤2 + Late≤2 + Total≤3 + WPR≤4 (gate min $3 at bet placement),14123992,Adelina Falls,Zara Lewis,G A O'Brien,6,5,,2.0,1.0,2.0,2.0,2.0,-3.1,0.0,,3.6,3.6,5.0,0.0,0.0,1,,,,,,,,,,
2026-05-09,Gordonvale,2,1359087,2026-05-09T03:55:00+00:00,main,Main,Mid≤2 + Late≤2 + Total≤3 + WPR≤4 (gate min $3 at bet placement),14126992,Betta Al,N Thomas,A R Bailey,7,3,,6.0,1.0,2.0,2.0,2.0,-2.6,0.0,,16.0,16.0,3.0,0.0,1.0,1,,,,,,,,,,
2026-05-09,Gordonvale,4,1359089,2026-05-09T05:25:00+00:00,main,Main,Mid≤2 + Late≤2 + Total≤3 + WPR≤4 (gate min $3 at bet placement),14127010,Red Hot Lizzie,Rachel Shred,Lachie Manzelmann,7,5,,5.0,2.0,2.0,2.0,1.0,2.6,2.0,,6.0,6.0,4.0,0.0,0.0,1,,,,,,,,,,
2026-05-09,Burrandowan,5,1359093,2026-05-09T06:35:00+00:00,main,Main,Mid≤2 + Late≤2 + Total≤3 + WPR≤4 (gate min $3 at bet placement),14127037,Flying Rothe,Reece O'Connell,Vic Heading,7,2,,8.0,1.0,2.0,3.0,3.0,-0.9,2.0,,7.0,7.0,1.0,1.0,1.0,1,,,,,,,,,,
2026-05-09,Burrandowan,2,1359095,2026-05-09T04:15:00+00:00,main,Main,Mid≤2 + Late≤2 + Total≤3 + WPR≤4 (gate min $3 at bet placement),14127061,Jain,K Gates,Kristen Wenck,4,5,,9.0,1.0,1.0,1.0,3.0,1.6,0.0,,6.0,6.0,6.0,0.0,0.0,1,,,,,,,,,,
2026-05-09,Cloncurry,1,1359104,2026-05-09T03:25:00+00:00,main,Main,Mid≤2 + Late≤2 + Total≤3 + WPR≤4 (gate min $3 at bet placement),14127158,Whiskey Dry,R Faehr,Tanya Parry,3,3,,1.0,2.0,2.0,2.0,4.0,1.2,0.0,,3.6,3.6,2.0,0.0,1.0,1,,,,,,,,,,
2026-05-09,Cloncurry,4,1359106,2026-05-09T05:30:00+00:00,main,Main,Mid≤2 + Late≤2 + Total≤3 + WPR≤4 (gate min $3 at bet placement),14127174,Pennypacker,Mitch Goring,S Royes,3,5,,4.0,2.0,1.0,1.0,3.0,4.0,3.0,,3.2,3.2,1.0,1.0,1.0,1,,,,,,,,,,
2026-05-09,Quilpie,4,1359110,2026-05-09T04:40:00+00:00,main,Main,Mid≤2 + Late≤2 + Total≤3 + WPR≤4 (gate min $3 at bet placement),14127216,Final Mission,M Gray,David Rewald,5,4,,5.0,1.0,2.0,2.0,4.0,2.5,3.0,,4.4,4.4,2.0,0.0,1.0,1,,,,,,,,,,
2026-05-10,Longreach,1,1359118,2026-05-10T02:45:00+00:00,main,Main,Mid≤2 + Late≤2 + Total≤3 + WPR≤4 (gate min $3 at bet placement),14127287,Ya Love Her,R Faehr,Richard Simpson,4,4,,8.0,1.0,1.0,1.0,3.0,3.1,0.0,,,,,,,0,,,,,,,,,,
2026-05-10,Longreach,5,1359120,2026-05-10T05:05:00+00:00,main,Main,Mid≤2 + Late≤2 + Total≤3 + WPR≤4 (gate min $3 at bet placement),14127307,Spec Of Silver,M Heagney,P W O'Toole,2,3,,2.0,2.0,2.0,1.0,1.0,3.2,0.0,,,,,,,0,,,,,,,,,,
2026-05-10,Longreach,3,1359122,2026-05-10T03:55:00+00:00,main,Main,Mid≤2 + Late≤2 + Total≤3 + WPR≤4 (gate min $3 at bet placement),14127323,Monday Choice,Jaimee-Lee Devine,Reece Zahl,6,5,,7.0,1.0,1.0,1.0,4.0,-2.2,2.0,,,,,,,0,,,,,,,,,,
2026-05-09,Gladstone,4,1359384,2026-05-09T05:19:00+00:00,main,Main,Mid≤2 + Late≤2 + Total≤3 + WPR≤4 (gate min $3 at bet placement),14133748,Phil Up,Raul Silvera Olivera,Darcy Short,1,5,,4.0,2.0,2.0,2.0,1.0,3.1,1.0,,2.6,2.6,1.0,1.0,1.0,1,,,,,,,,,,
2026-05-09,Gladstone,5,1359385,2026-05-09T05:57:00+00:00,main,Main,Mid≤2 + Late≤2 + Total≤3 + WPR≤4 (gate min $3 at bet placement),14133750,So Outrageous,Jaimee-Lee Devine,R B Williams,2,1,,2.0,2.0,1.0,2.0,2.0,0.0,0.0,,2.8,2.8,1.0,1.0,1.0,1,,,,,,,,,,
2026-05-09,Gladstone,5,1359385,2026-05-09T05:57:00+00:00,main,Main,Mid≤2 + Late≤2 + Total≤3 + WPR≤4 (gate min $3 at bet placement),14133749,Masali Raffa,Amie Meissner,Julieann Lancaster,3,4,,1.0,1.0,2.0,1.0,1.0,3.0,0.0,,3.4,3.4,4.0,0.0,0.0,1,,,,,,,,,,
2026-05-09,Gladstone,2,1359386,2026-05-09T04:05:00+00:00,main,Main,Mid≤2 + Late≤2 + Total≤3 + WPR≤4 (gate min $3 at bet placement),14133761,Tiger Jim,Tom Orr,Kevin Miller,1,1,,6.0,2.0,2.0,2.0,2.0,-2.8,0.0,,4.6,4.6,4.0,0.0,0.0,1,,,,,,,,,,
2026-05-09,Port Hedland,1,1359215,2026-05-09T05:47:00+00:00,main,Main,TR≤5 + Mid≤2 + Late≤2 + Total≤3 + WPR≤4 (gate min $3 at bet placement),14129226,My Tea,Elisha Whittington,Brett Pope,1,12,2.0,7.0,1.0,1.0,1.0,3.0,0.0,0.0,4.2,,,,,,0,,,,,,,,,,
2026-05-10,Bowen,2,1359114,2026-05-10T04:35:00+00:00,tr1_min4,TR1 Min$4 (ref),TR1 (gate min $4 at bet placement),14127258,Silent Angel,,Trevor Williams,7,1,1.0,1.0,7.0,5.0,2.0,1.0,3.1,0.0,2.6,,,,,,0,,,,,,,,,,
2026-05-01,Bordertown,6,1358114,2026-05-01T05:30:00+00:00,tr1_min4,TR1 Min$4 (ref),TR1 (gate min $4 at bet placement),14103710,See Ya Later Baby,Campbell Rawiller,Travis Doudle,9,12,1.0,8.0,6.0,7.0,8.0,6.0,-0.2,1.0,3.9,3.9,4.0,1.0,1.0,1.0,1,,,,,,,,,,
2026-05-01,Bordertown,8,1358115,2026-05-01T06:50:00+00:00,tr1_min4,TR1 Min$4 (ref),TR1 (gate min $4 at bet placement),14103721,Supreme Thunder,Jackson Murphy,Jamie Opperman,3,3,1.0,8.0,6.0,1.0,1.0,2.0,0.2,0.0,5.0,5.0,6.0,4.0,0.0,0.0,1,,,,,,,,,,
2026-05-01,Bordertown,2,1358116,2026-05-01T03:10:00+00:00,tr1_min4,TR1 Min$4 (ref),TR1 (gate min $4 at bet placement),14103745,She Rex,Jackson Murphy,Cody Reardon,13,8,1.0,3.0,7.0,5.0,8.0,3.0,-1.0,0.0,3.5,3.5,3.5,1.0,1.0,1.0,1,,,,,,,,,,
2026-05-01,Bordertown,7,1358117,2026-05-01T06:07:00+00:00,tr1_min4,TR1 Min$4 (ref),TR1 (gate min $4 at bet placement),14103781,Theodor,Campbell Rawiller,Travis Doudle,4,3,1.0,5.0,11.0,8.0,11.0,1.0,-0.1,1.0,3.4,3.6,3.7,4.0,0.0,0.0,1,,,,,,,,,,
2026-05-01,Bordertown,1,1358118,2026-05-01T02:35:00+00:00,tr1_min4,TR1 Min$4 (ref),TR1 (gate min $4 at bet placement),14103787,Rhinestone Rory,Campbell Rawiller,James & Lisa Dodgson,4,1,1.0,1.0,5.0,3.0,2.0,1.0,1.1,0.0,2.5,2.4,3.0,1.0,1.0,1.0,1,,,,,,,,,,
2026-05-01,Bordertown,5,1358120,2026-05-01T04:55:00+00:00,main,Main,"TR≤5 + Mid≤2 + Late≤2 + Total≤3 + WPR≤4, skip races with first-starter (gate min $3 at bet placement)",14103844,Layin' Up,D Tourneur,J R Searle,10,7,2.0,10.0,2.0,2.0,2.0,3.0,1.1,2.0,4.4,4.4,4.4,3.0,0.0,1.0,1,,,,,,,,,,
2026-05-01,Bordertown,5,1358120,2026-05-01T04:55:00+00:00,top_form,Top Form (ref),TR≤2 + Mid top2 + weight_up (gate min $4 at bet placement),14103844,Layin' Up,D Tourneur,J R Searle,10,7,2.0,10.0,2.0,2.0,2.0,3.0,1.1,2.0,4.4,4.4,4.4,3.0,0.0,1.0,1,,,,,,,,,,
2026-05-01,Bordertown,5,1358120,2026-05-01T04:55:00+00:00,tr1_min4,TR1 Min$4 (ref),TR1 (gate min $4 at bet placement),14103834,Ice Symphony,Margaret Collett,Sarah Rutten,2,4,1.0,7.0,7.0,3.0,3.0,1.0,1.0,2.0,5.0,5.0,5.5,2.0,0.0,1.0,1,,,,,,,,,,
2026-05-01,Bordertown,3,1358574,2026-05-01T03:45:00+00:00,tr1_min4,TR1 Min$4 (ref),TR1 (gate min $4 at bet placement),14118153,Rocktagon,Sairyn Fawke,L Treloar,2,8,1.0,8.0,7.0,4.0,3.0,1.0,-0.4,1.0,3.3,3.4,3.4,3.0,0.0,1.0,1,,,,,,,,,,
2026-05-01,Bordertown,4,1358575,2026-05-01T04:20:00+00:00,tr1_min4,TR1 Min$4 (ref),TR1 (gate min $4 at bet placement),14118168,Private Jet,Rochelle Milnes,J R Searle,5,1,1.0,7.0,2.0,7.0,4.0,2.0,-1.0,1.0,3.7,4.0,4.0,2.0,0.0,1.0,1,,,,,,,,,,
2026-05-08,Canberra,2,1358893,2026-05-08T03:13:00+00:00,tr1_min4,TR1 Min$4 (ref),TR1 (gate min $4 at bet placement),14126976,The Mooch,Jean Van Overmeire,M C Lynch,7,10,1.0,8.0,4.0,1.0,2.0,2.0,-1.0,2.0,4.4,4.4,4.4,8.0,0.0,0.0,1,,,,,,,,,,
2026-05-09,Tuncurry,3,1358972,2026-05-09T04:21:00+00:00,tr1_min4,TR1 Min$4 (ref),TR1 (gate min $4 at bet placement),14124895,Checks'n'balances,O A Dalton,Annabel & Rob Archibald,2,4,1.0,3.0,11.0,1.0,2.0,1.0,0.2,0.0,2.9,3.0,3.5,4.0,0.0,0.0,1,,,,,,,,,,
2026-05-09,Tuncurry,6,1358973,2026-05-09T06:11:00+00:00,tr1_min4,TR1 Min$4 (ref),TR1 (gate min $4 at bet placement),14124913,Bondi Prophet,O A Dalton,R J Agnew,1,2,1.0,6.0,4.0,4.0,3.0,2.0,3.4,2.0,3.3,3.4,3.5,7.0,0.0,0.0,1,,,,,,,,,,
2026-05-09,Tuncurry,5,1358974,2026-05-09T05:35:00+00:00,tr1_min4,TR1 Min$4 (ref),TR1 (gate min $4 at bet placement),14124932,Grand Voile,R Spokes,K A Lees,5,7,1.0,1.0,6.0,6.0,6.0,1.0,3.4,0.0,2.6,2.6,3.2,3.0,0.0,1.0,1,,,,,,,,,,
2026-05-09,Tuncurry,2,1358975,2026-05-09T03:46:00+00:00,main,Main,"TR≤5 + Mid≤2 + Late≤2 + Total≤3 + WPR≤4, skip races with first-starter (gate min $3 at bet placement)",14124935,Brazen Brando,G Spokes,B M Lazzarini,1,8,1.0,4.0,2.0,2.0,1.0,1.0,2.4,3.0,3.0,3.0,3.1,2.0,0.0,1.0,1,,,,,,,,,,
2026-05-09,Tuncurry,2,1358975,2026-05-09T03:46:00+00:00,top_form,Top Form (ref),TR≤2 + Mid top2 + weight_up (gate min $4 at bet placement),14124935,Brazen Brando,G Spokes,B M Lazzarini,1,8,1.0,4.0,2.0,2.0,1.0,1.0,2.4,3.0,3.0,3.0,3.1,2.0,0.0,1.0,1,,,,,,,,,,
2026-05-09,Tuncurry,2,1358975,2026-05-09T03:46:00+00:00,tr1_min4,TR1 Min$4 (ref),TR1 (gate min $4 at bet placement),14124935,Brazen Brando,G Spokes,B M Lazzarini,1,8,1.0,4.0,2.0,2.0,1.0,1.0,2.4,3.0,3.0,3.0,3.1,2.0,0.0,1.0,1,,,,,,,,,,
2026-05-09,Tuncurry,1,1358976,2026-05-09T03:11:00+00:00,tr1_min4,TR1 Min$4 (ref),TR1 (gate min $4 at bet placement),14124949,Calamity Fox,O A Dalton,Colt Prosser,1,4,1.0,2.0,4.0,4.0,4.0,1.0,-0.5,2.0,3.9,4.0,4.0,2.0,0.0,1.0,1,,,,,,,,,,
2026-05-09,Tuncurry,4,1358977,2026-05-09T04:56:00+00:00,tr1_min4,TR1 Min$4 (ref),TR1 (gate min $4 at bet placement),14124965,Ms Hubble,Madeline Owen,K Owen,11,9,1.0,2.0,4.0,2.0,3.0,1.0,-0.8,0.0,1.75,1.75,1.8,1.0,1.0,1.0,1,,,,,,,,,,
2026-05-08,Port Augusta,6,1359019,2026-05-08T06:35:00+00:00,tr1_min4,TR1 Min$4 (ref),TR1 (gate min $4 at bet placement),14125669,Shikanic,Campbell Rawiller,Peter Nolan,7,2,1.0,2.0,7.0,8.0,5.0,2.0,-0.2,5.0,3.2,3.2,3.9,3.0,0.0,1.0,1,,,,,,,,,,
2026-05-08,Port Augusta,5,1359020,2026-05-08T06:00:00+00:00,top_form,Top Form (ref),TR≤2 + Mid top2 + weight_up (gate min $4 at bet placement),14125689,Fox Dunnett,Tala Hutchinson,Garret Lynch,7,9,2.0,8.0,2.0,5.0,1.0,3.0,0.8,2.0,3.5,3.3,3.3,4.0,0.0,0.0,1,,,,,,,,,,
2026-05-08,Port Augusta,5,1359020,2026-05-08T06:00:00+00:00,tr1_min4,TR1 Min$4 (ref),TR1 (gate min $4 at bet placement),14125699,Ti Tree Royal,Alyssa Webb,Garret Lynch,2,8,1.0,2.0,4.0,1.0,2.0,1.0,-1.6,1.0,2.15,2.2,2.6,1.0,1.0,1.0,1,,,,,,,,,,
2026-05-08,Port Augusta,2,1359021,2026-05-08T04:10:00+00:00,tr1_min4,TR1 Min$4 (ref),TR1 (gate min $4 at bet placement),14125702,Social Dancer,Alyssa Webb,Christopher Harrison,8,9,1.0,8.0,4.0,1.0,1.0,3.0,-0.5,0.0,5.5,5.5,6.0,5.0,0.0,0.0,1,,,,,,,,,,
2026-05-08,Port Augusta,3,1359022,2026-05-08T04:45:00+00:00,top_form,Top Form (ref),TR≤2 + Mid top2 + weight_up (gate min $4 at bet placement),14125720,Sir Panama,Sairyn Fawke,Christopher Harrison,1,5,1.0,2.0,2.0,6.0,5.0,1.0,1.8,0.0,2.2,2.25,2.25,3.0,0.0,1.0,1,,,,,,,,,,
2026-05-08,Port Augusta,3,1359022,2026-05-08T04:45:00+00:00,tr1_min4,TR1 Min$4 (ref),TR1 (gate min $4 at bet placement),14125720,Sir Panama,Sairyn Fawke,Christopher Harrison,1,5,1.0,2.0,2.0,6.0,5.0,1.0,1.8,0.0,2.2,2.25,2.25,3.0,0.0,1.0,1,,,,,,,,,,
2026-05-08,Port Augusta,1,1359023,2026-05-08T03:35:00+00:00,tr1_min4,TR1 Min$4 (ref),TR1 (gate min $4 at bet placement),14126838,Otto's Dream,Tala Hutchinson,Garret Lynch,7,8,1.0,2.0,4.0,8.0,7.0,1.0,-4.5,0.0,3.0,3.1,3.4,1.0,1.0,1.0,1,,,,,,,,,,
2026-05-08,Port Augusta,7,1359024,2026-05-08T07:05:00+00:00,top_form,Top Form (ref),TR≤2 + Mid top2 + weight_up (gate min $4 at bet placement),14125741,Never Surrender,S H Sit,D J McMahon,1,3,1.0,8.0,2.0,7.0,4.0,1.0,2.8,2.0,4.8,5.0,5.5,4.0,0.0,0.0,1,,,,,,,,,,
2026-05-08,Port Augusta,7,1359024,2026-05-08T07:05:00+00:00,tr1_min4,TR1 Min$4 (ref),TR1 (gate min $4 at bet placement),14125741,Never Surrender,S H Sit,D J McMahon,1,3,1.0,8.0,2.0,7.0,4.0,1.0,2.8,2.0,4.8,5.0,5.5,4.0,0.0,0.0,1,,,,,,,,,,
2026-05-08,Port Augusta,4,1359025,2026-05-08T05:20:00+00:00,top_form,Top Form (ref),TR≤2 + Mid top2 + weight_up (gate min $4 at bet placement),14125755,Footprints,Wesley Cave,T L Day,2,2,2.0,3.0,1.0,5.0,4.0,4.0,2.6,2.0,5.0,5.0,5.5,3.0,0.0,1.0,1,,,,,,,,,,
2026-05-08,Port Augusta,4,1359025,2026-05-08T05:20:00+00:00,tr1_min4,TR1 Min$4 (ref),TR1 (gate min $4 at bet placement),14125758,Star Casino,S H Sit,Travis Doudle,6,7,1.0,5.0,3.0,6.0,6.0,2.0,-0.6,1.0,2.9,3.0,3.0,2.0,0.0,1.0,1,,,,,,,,,,
2026-05-10,Bowen,3,1359113,2026-05-10T05:15:00+00:00,main,Main,"TR≤5 + Mid≤2 + Late≤2 + Total≤3 + WPR≤4, skip races with first-starter (gate min $3 at bet placement)",14133175,Family Star,M Abe,Kayla Russell,1,3,5.0,5.0,2.0,1.0,1.0,3.0,-2.1,3.0,23.0,,,,,,0,,,,,,,,,,
2026-05-10,Bowen,3,1359113,2026-05-10T05:15:00+00:00,tr1_min4,TR1 Min$4 (ref),TR1 (gate min $4 at bet placement),14127254,Roweiner's Dance,W D'Avila,William Kenning,4,6,1.0,4.0,3.0,2.0,2.0,1.0,1.4,3.0,1.45,,,,,,0,,,,,,,,,,
2026-05-10,Bowen,2,1359114,2026-05-10T04:35:00+00:00,tr1_min4,TR1 Min$4 (ref),TR1 (gate min $4 at bet placement),14127256,Chalkley,Raul Silvera Olivera,David Micallef,1,5,1.0,1.0,3.0,2.0,3.0,3.0,2.1,1.0,3.7,,,,,,0,,,,,,,,,,
2026-05-10,Bowen,4,1359115,2026-05-10T05:55:00+00:00,tr1_min4,TR1 Min$4 (ref),TR1 (gate min $4 at bet placement),14127265,La Petite Maison,Aidan Holt,Tracy Simmons,1,6,1.0,5.0,3.0,2.0,1.0,1.0,1.6,2.0,1.7,,,,,,0,,,,,,,,,,
2026-05-10,Bowen,1,1359117,2026-05-10T04:00:00+00:00,main,Main,"TR≤5 + Mid≤2 + Late≤2 + Total≤3 + WPR≤4, skip races with first-starter (gate min $3 at bet placement)",14127279,Elegant Venus,W D'Avila,Rachael Singleton,3,1,3.0,3.0,1.0,2.0,2.0,2.0,,0.0,3.4,,,,,,0,,,,,,,,,,
2026-05-10,Bowen,1,1359117,2026-05-10T04:00:00+00:00,top_form,Top Form (ref),TR≤2 + Mid top2 + weight_up (gate min $4 at bet placement),14127277,Royal Edition,Aidan Holt,Nathan Coves,2,4,1.0,1.0,2.0,3.0,3.0,1.0,0.9,0.0,1.85,,,,,,0,,,,,,,,,,
2026-05-10,Bowen,1,1359117,2026-05-10T04:00:00+00:00,tr1_min4,TR1 Min$4 (ref),TR1 (gate min $4 at bet placement),14127277,Royal Edition,Aidan Holt,Nathan Coves,2,4,1.0,1.0,2.0,3.0,3.0,1.0,0.9,0.0,1.85,,,,,,0,,,,,,,,,,
2026-05-09,Port Hedland,1,1359215,2026-05-09T05:47:00+00:00,tr1_min4,TR1 Min$4 (ref),TR1 (gate min $4 at bet placement),14129227,Take The Field,J Gray,Brett Pope,2,2,1.0,2.0,3.0,7.0,3.0,2.0,0.5,0.0,3.2,3.2,3.4,7.0,0.0,0.0,1,,,,,,,,,,
2026-05-14,Murwillumbah,6,1359543,2026-05-14T05:45:00+00:00,main,Main,"Voting model: 3 of 6 signals must rank #1 AND 5 of 6 must rank top-3 (WPR, Late, Class, L600, PF AI, TR) + SP≥$3 (skip first-starter races)",14137410,Thunder Award,B Lerena,W P Nugent,10,8,,16.0,13.0,1.0,1.0,2.0,-1.5,1.0,,,,,,,0,1.0,6.03,96.0,2.0,1.0,1.0,2.0,bm,2.7,
2026-05-14,York,1,1359590,2026-05-14T04:23:00+00:00,main,Main,"Voting model: 3 of 6 signals must rank #1 AND 5 of 6 must rank top-3 (WPR, Late, Class, L600, PF AI, TR) + SP≥$3 (skip first-starter races)",14138068,Who Saz Yes,Natika Riordan,D Riordan,4,2,1.0,1.0,2.0,6.0,2.0,1.0,0.0,0.0,2.9,,,,,,0,1.0,2.99,100.0,1.0,1.0,1.0,1.0,bm,-6.9,
2026-05-14,York,8,1359592,2026-05-14T08:40:00+00:00,main,Main,"Voting model: 3 of 6 signals must rank #1 AND 5 of 6 must rank top-3 (WPR, Late, Class, L600, PF AI, TR) + SP≥$3 (skip first-starter races)",14138112,Space Academy,Brayden Gaerth,Mack Hall,3,1,1.0,12.0,3.0,1.0,1.0,1.0,-2.0,1.0,2.0,,,,,,0,3.0,7.7,85.0,2.0,6.0,6.0,9.0,mf,-4.7,
2026-05-14,York,7,1359593,2026-05-14T08:05:00+00:00,main,Main,"Voting model: 3 of 6 signals must rank #1 AND 5 of 6 must rank top-3 (WPR, Late, Class, L600, PF AI, TR) + SP≥$3 (skip first-starter races)",14138137,Lipstick Jungle,Chanel Cooper,Russell Stewart,4,1,2.0,7.0,6.0,1.0,4.0,1.0,0.9,0.0,4.2,,,,,,0,1.0,3.43,93.0,1.0,4.0,4.0,4.0,mf,-8.9,
2026-05-14,York,2,1359594,2026-05-14T05:04:00+00:00,main,Main,"Voting model: 3 of 6 signals must rank #1 AND 5 of 6 must rank top-3 (WPR, Late, Class, L600, PF AI, TR) + SP≥$3 (skip first-starter races)",14138145,Yalda Night,T Turner,Matthew Scott,4,6,1.0,5.0,3.0,3.0,3.0,1.0,-2.0,0.0,3.3,,,,,,0,1.0,3.29,87.0,1.0,25.0,6.0,4.0,mf/bm,-10.6,
2026-05-02,Barcaldine,2,1358375,2026-05-02T03:57:00+00:00,main,Main,"Voting model: 3 of 6 signals must rank #1 AND 5 of 6 must rank top-3 (WPR, Late, Class, L600, PF AI, TR) + SP≥$3 (skip first-starter races)",14113743,Bel Song,R Tilley,P W O'Toole,5,6,6.0,8.0,3.0,1.0,1.0,1.0,1.2,0.0,19.0,,,,,,0,2.0,4.8,90.0,1.0,1.0,1.0,1.0,bm,0.3,
2026-05-02,Barcaldine,2,1358375,2026-05-02T03:57:00+00:00,loose,Loose,Relaxed voting: 2 of 6 signals must rank #1 AND 4 of 6 must rank top-3. Wider net than Main - catches more potential value runners. Experimental.,14113743,Bel Song,R Tilley,P W O'Toole,5,6,6.0,8.0,3.0,1.0,1.0,1.0,1.2,0.0,19.0,,,,,,0,2.0,4.8,90.0,1.0,1.0,1.0,1.0,bm,0.3,
2026-05-02,Barcaldine,1,1358378,2026-05-02T03:22:00+00:00,main,Main,"Voting model: 3 of 6 signals must rank #1 AND 5 of 6 must rank top-3 (WPR, Late, Class, L600, PF AI, TR) + SP≥$3 (skip first-starter races)",14113774,Ferghana,Maddie Mankelow,Toni Schofield,2,4,1.0,6.0,1.0,1.0,1.0,2.0,-2.6,0.0,2.3,,,,,,0,1.0,3.42,96.0,2.0,25.0,25.0,25.0,bm,-11.5,
2026-05-02,Barcaldine,1,1358378,2026-05-02T03:22:00+00:00,loose,Loose,Relaxed voting: 2 of 6 signals must rank #1 AND 4 of 6 must rank top-3. Wider net than Main - catches more potential value runners. Experimental.,14113774,Ferghana,Maddie Mankelow,Toni Schofield,2,4,1.0,6.0,1.0,1.0,1.0,2.0,-2.6,0.0,2.3,,,,,,0,1.0,3.42,96.0,2.0,25.0,25.0,25.0,bm,-11.5,
2026-05-02,Barcaldine,1,1358378,2026-05-02T03:22:00+00:00,loose,Loose,Relaxed voting: 2 of 6 signals must rank #1 AND 4 of 6 must rank top-3. Wider net than Main - catches more potential value runners. Experimental.,14113777,Notacluehoworwho,Jaimee-Lee Devine,Reece Zahl,4,5,2.0,1.0,4.0,4.0,2.0,1.0,-0.2,0.0,3.9,,,,,,0,2.0,4.02,79.0,1.0,25.0,1.0,1.0,bm,-4.3,
2026-05-17,Sunshine Coast,3,1359943,2026-05-17T03:35:00+00:00,loose,Loose,Relaxed voting: 2 of 6 signals must rank #1 AND 4 of 6 must rank top-3. Wider net than Main - catches more potential value runners. Experimental.,14156392,Motivating,D Moor,Chris Anderson,2,5,,6.0,2.0,1.0,2.0,3.0,-0.5,0.0,,,,,,,0,1.0,3.45,90.0,1.0,25.0,3.0,3.0,bm,-8.6,
2026-05-17,Sunshine Coast,4,1359946,2026-05-17T04:15:00+00:00,loose,Loose,Relaxed voting: 2 of 6 signals must rank #1 AND 4 of 6 must rank top-3. Wider net than Main - catches more potential value runners. Experimental.,14147257,Rich Minx,Fiona Sandkuhl,Matthew Hoysted,1,9,,2.0,2.0,2.0,4.0,2.0,2.4,2.0,,,,,,,0,1.0,4.19,80.0,1.0,9.0,10.0,9.0,l,-2.3,
2026-05-19,Tamworth,7,1360154,2026-05-19T06:40:00+00:00,main,Main,"Voting model: 3 of 6 signals must rank #1 AND 5 of 6 must rank top-3 (WPR, Late, Class, L600, PF AI, TR) + SP≥$3 (skip first-starter races)",14152296,Solar Blast,A Bullock,C R Clegg,6,9,2.0,9.0,13.0,1.0,4.0,10.0,2.4,1.0,5.5,,,,,,0,1.0,6.2,98.0,1.0,3.0,5.0,5.0,mf,-0.1,
2026-05-19,Tamworth,7,1360154,2026-05-19T06:40:00+00:00,loose,Loose,Relaxed voting: 2 of 6 signals must rank #1 AND 4 of 6 must rank top-3. Wider net than Main - catches more potential value runners. Experimental.,14152296,Solar Blast,A Bullock,C R Clegg,6,9,2.0,9.0,13.0,1.0,4.0,10.0,2.4,1.0,5.5,,,,,,0,1.0,6.2,98.0,1.0,3.0,5.0,5.0,mf,-0.1,
2026-05-19,Tamworth,3,1360155,2026-05-19T04:10:00+00:00,loose,Loose,Relaxed voting: 2 of 6 signals must rank #1 AND 4 of 6 must rank top-3. Wider net than Main - catches more potential value runners. Experimental.,14154513,Ring Ahoy,Liberty Smyth,D J Hatch,2,7,2.0,7.0,7.0,3.0,1.0,1.0,-0.2,1.0,4.2,,,,,,0,1.0,3.81,92.0,3.0,2.0,1.0,1.0,bm,1.2,
2026-05-19,Tamworth,5,1360157,2026-05-19T05:25:00+00:00,loose,Loose,Relaxed voting: 2 of 6 signals must rank #1 AND 4 of 6 must rank top-3. Wider net than Main - catches more potential value runners. Experimental.,14152362,Meddlesome,B Looker,Ridge Wilson,11,10,1.0,10.0,5.0,4.0,7.0,1.0,2.0,0.0,3.5,,,,,,0,2.0,6.83,94.0,3.0,2.0,2.0,2.0,l,6.7,
2026-05-19,Tamworth,4,1360158,2026-05-19T04:45:00+00:00,main,Main,"Voting model: 3 of 6 signals must rank #1 AND 5 of 6 must rank top-3 (WPR, Late, Class, L600, PF AI, TR) + SP≥$3 (skip first-starter races)",14152393,Eleven X,Braith Nock,Annabel & Rob Archibald,4,15,1.0,14.0,4.0,2.0,2.0,1.0,2.9,0.0,2.6,,,,,,0,2.0,6.2,93.0,1.0,1.0,5.0,8.0,mf/bm,-11.3,
2026-05-19,Tamworth,4,1360158,2026-05-19T04:45:00+00:00,loose,Loose,Relaxed voting: 2 of 6 signals must rank #1 AND 4 of 6 must rank top-3. Wider net than Main - catches more potential value runners. Experimental.,14152393,Eleven X,Braith Nock,Annabel & Rob Archibald,4,15,1.0,14.0,4.0,2.0,2.0,1.0,2.9,0.0,2.6,,,,,,0,2.0,6.2,93.0,1.0,1.0,5.0,8.0,mf/bm,-11.3,
2026-05-01,Wagga,7,1357877,2026-05-01T06:20:00+00:00,edge,Edge,Edge committee: a horse must pass ≥ 2 of 5 voting rules built on WPR + Late + PF rank signals. Field size ≥ 8 and combined book < 50% per race (max 2 picks/race). Selected from 24k rules on 45-day backtest; only stable rules across both halves.,14099982,Travolta,Tommy Berry,C J Waller,2,7,1.0,10.0,2.0,3.0,1.0,2.0,-0.5,1.0,3.4,3.4,3.4,4.0,0.0,0.0,1,1.0,3.89,91.0,1.0,1.0,1.0,3.0,mf,-19.9,"R1,R2,R3,R4,R5"
2026-05-01,Wagga,8,1357878,2026-05-01T07:00:00+00:00,edge,Edge,Edge committee: a horse must pass ≥ 2 of 5 voting rules built on WPR + Late + PF rank signals. Field size ≥ 8 and combined book < 50% per race (max 2 picks/race). Selected from 24k rules on 45-day backtest; only stable rules across both halves.,14099993,Moor Mumm,Tommy Berry,Matthew Dale,16,8,1.0,11.0,7.0,2.0,2.0,1.0,-5.4,1.0,2.5,2.45,2.45,12.0,0.0,0.0,1,3.0,9.55,86.0,6.0,2.0,1.0,3.0,bm,-2.9,"R1,R3"
2026-05-01,Wagga,3,1357884,2026-05-01T03:55:00+00:00,edge,Edge,Edge committee: a horse must pass ≥ 2 of 5 voting rules built on WPR + Late + PF rank signals. Field size ≥ 8 and combined book < 50% per race (max 2 picks/race). Selected from 24k rules on 45-day backtest; only stable rules across both halves.,14100179,Blue Monday,G Buckley,Mitchell Beer & George Carpenter,5,9,1.0,10.0,9.0,1.0,1.0,1.0,-1.8,0.0,2.9,3.0,3.0,8.0,0.0,0.0,1,1.0,5.11,98.0,1.0,2.0,4.0,8.0,mf/bm,-8.8,"R1,R2,R4,R5"
2026-05-01,Mackay,8,1358016,2026-05-01T06:03:00+00:00,edge,Edge,Edge committee: a horse must pass ≥ 2 of 5 voting rules built on WPR + Late + PF rank signals. Field size ≥ 8 and combined book < 50% per race (max 2 picks/race). Selected from 24k rules on 45-day backtest; only stable rules across both halves.,14101702,Smart Mission,Nikki Olzard,Clinton Taylor,3,5,1.0,5.0,3.0,1.0,2.0,1.0,3.8,1.0,1.75,1.65,1.65,5.0,0.0,0.0,1,2.0,3.75,87.0,2.0,2.0,2.0,3.0,bm,-9.2,"R1,R2,R3,R4"
2026-05-01,Mackay,6,1358023,2026-05-01T04:51:00+00:00,edge,Edge,Edge committee: a horse must pass ≥ 2 of 5 voting rules built on WPR + Late + PF rank signals. Field size ≥ 8 and combined book < 50% per race (max 2 picks/race). Selected from 24k rules on 45-day backtest; only stable rules across both halves.,14101766,Office Politics,Violet Soulsby,Tracy Simmons,5,5,7.0,4.0,8.0,1.0,6.0,2.0,-3.2,0.0,23.0,21.0,21.0,8.0,0.0,0.0,1,3.0,6.81,75.0,5.0,1.0,6.0,6.0,mf,-4.4,"R1,R2"
2026-05-01,Muswellbrook,8,1358030,2026-05-01T06:34:00+00:00,edge,Edge,Edge committee: a horse must pass ≥ 2 of 5 voting rules built on WPR + Late + PF rank signals. Field size ≥ 8 and combined book < 50% per race (max 2 picks/race). Selected from 24k rules on 45-day backtest; only stable rules across both halves.,14101856,Solar Blast,B Looker,C R Clegg,5,2,4.0,8.0,7.0,1.0,1.0,3.0,2.9,1.0,8.5,9.0,9.0,6.0,0.0,0.0,1,3.0,6.36,89.0,1.0,1.0,1.0,1.0,mf,0.1,"R1,R2,R3,R4,R5"
2026-05-01,Sunshine Coast,4,1358036,2026-05-01T09:00:00+00:00,edge,Edge,Edge committee: a horse must pass ≥ 2 of 5 voting rules built on WPR + Late + PF rank signals. Field size ≥ 8 and combined book < 50% per race (max 2 picks/race). Selected from 24k rules on 45-day backtest; only stable rules across both halves.,14121963,Jungle Fever,Corey Sutherland,Stephen Sutherland,3,12,,9.0,9.0,1.0,2.0,2.0,2.0,1.0,,14.0,14.0,2.0,0.0,1.0,1,1.0,3.99,82.0,3.0,2.0,2.0,1.0,mf,-2.2,"R1,R2,R3,R4,R5"
2026-05-02,Gold Coast,2,1358040,2026-05-02T02:54:00+00:00,edge,Edge,Edge committee: a horse must pass ≥ 2 of 5 voting rules built on WPR + Late + PF rank signals. Field size ≥ 8 and combined book < 50% per race (max 2 picks/race). Selected from 24k rules on 45-day backtest; only stable rules across both halves.,14102018,Namara,Benjamin Osmond,K A Lees,3,7,2.0,5.0,1.0,2.0,1.0,1.0,0.1,0.0,3.3,3.3,3.3,1.0,1.0,1.0,1,1.0,2.21,98.0,1.0,2.0,1.0,1.0,mf/bm,0.0,"R1,R2,R3,R4,R5"
2026-05-02,Toowoomba,5,1358050,2026-05-02T09:41:00+00:00,edge,Edge,Edge committee: a horse must pass ≥ 2 of 5 voting rules built on WPR + Late + PF rank signals. Field size ≥ 8 and combined book < 50% per race (max 2 picks/race). Selected from 24k rules on 45-day backtest; only stable rules across both halves.,14102177,Paleface Ringo,M Hellyer,Jack Brown,5,2,1.0,8.0,3.0,2.0,2.0,2.0,1.4,0.0,2.3,2.4,2.7,1.0,1.0,1.0,1,4.0,7.32,93.0,1.0,1.0,2.0,2.0,op/mf,8.2,"R2,R4"
2026-05-02,Toowoomba,3,1358051,2026-05-02T08:31:00+00:00,edge,Edge,Edge committee: a horse must pass ≥ 2 of 5 voting rules built on WPR + Late + PF rank signals. Field size ≥ 8 and combined book < 50% per race (max 2 picks/race). Selected from 24k rules on 45-day backtest; only stable rules across both halves.,14102195,Zeamaize,Courtney Bellamy,M W Goodwin,1,14,1.0,7.0,9.0,1.0,1.0,1.0,-0.2,1.0,5.5,5.5,6.0,8.0,0.0,0.0,1,2.0,5.66,56.0,5.0,3.0,3.0,1.0,mf/bm,-6.3,"R1,R3,R5"
2026-05-02,Toowoomba,4,1358053,2026-05-02T09:05:00+00:00,edge,Edge,Edge committee: a horse must pass ≥ 2 of 5 voting rules built on WPR + Late + PF rank signals. Field size ≥ 8 and combined book < 50% per race (max 2 picks/race). Selected from 24k rules on 45-day backtest; only stable rules across both halves.,14102227,Thebarberofseville,Stacey Callow,M A Kropp,6,6,2.0,7.0,5.0,2.0,4.0,2.0,4.0,1.0,4.8,4.8,5.5,4.0,0.0,0.0,1,1.0,3.05,98.0,1.0,2.0,4.0,4.0,mf,-1.3,"R1,R2,R4"
2026-05-02,Toowoomba,4,1358053,2026-05-02T09:05:00+00:00,edge,Edge,Edge committee: a horse must pass ≥ 2 of 5 voting rules built on WPR + Late + PF rank signals. Field size ≥ 8 and combined book < 50% per race (max 2 picks/race). Selected from 24k rules on 45-day backtest; only stable rules across both halves.,14102224,Whatjeudoin',Frederick Larson,M A Kropp,7,3,6.0,9.0,1.0,3.0,5.0,3.0,-5.4,0.0,11.0,13.0,15.0,5.0,0.0,0.0,1,3.0,8.35,44.0,8.0,1.0,1.0,3.0,mf,-12.9,"R1,R3"
2026-05-02,Eagle Farm,5,1358056,2026-05-02T04:23:00+00:00,edge,Edge,Edge committee: a horse must pass ≥ 2 of 5 voting rules built on WPR + Late + PF rank signals. Field size ≥ 8 and combined book < 50% per race (max 2 picks/race). Selected from 24k rules on 45-day backtest; only stable rules across both halves.,14102274,Icarian Dream,Tahlia Fenlon,C Maher,2,14,2.0,9.0,8.0,3.0,3.0,2.0,3.5,1.0,3.7,3.6,3.6,2.0,0.0,1.0,1,1.0,3.08,98.0,1.0,1.0,1.0,25.0,mf/bm,7.7,"R1,R2,R3,R4,R5"
2026-05-02,Eagle Farm,4,1358062,2026-05-02T03:48:00+00:00,edge,Edge,Edge committee: a horse must pass ≥ 2 of 5 voting rules built on WPR + Late + PF rank signals. Field size ≥ 8 and combined book < 50% per race (max 2 picks/race). Selected from 24k rules on 45-day backtest; only stable rules across both halves.,14102382,Jenni Moreese,Corey Sutherland,Corey & Kylie Geran,8,7,1.0,9.0,1.0,3.0,1.0,1.0,-1.9,5.0,4.2,4.4,4.4,7.0,0.0,0.0,1,2.0,6.72,63.0,5.0,2.0,2.0,6.0,mf,9.3,"R1,R3"
2026-05-02,Hawkesbury,5,1358083,2026-05-02T03:40:00+00:00,edge,Edge,Edge committee: a horse must pass ≥ 2 of 5 voting rules built on WPR + Late + PF rank signals. Field size ≥ 8 and combined book < 50% per race (max 2 picks/race). Selected from 24k rules on 45-day backtest; only stable rules across both halves.,14102679,Golden Straand,N Rawiller,Matthew Smith,2,7,1.0,8.0,12.0,1.0,2.0,1.0,2.0,3.0,1.85,1.8,1.95,1.0,1.0,1.0,1,3.0,9.28,60.0,25.0,3.0,1.0,2.0,op,0.0,"R1,R3"
2026-05-02,Hawkesbury,8,1358086,2026-05-02T05:25:00+00:00,edge,Edge,Edge committee: a horse must pass ≥ 2 of 5 voting rules built on WPR + Late + PF rank signals. Field size ≥ 8 and combined book < 50% per race (max 2 picks/race). Selected from 24k rules on 45-day backtest; only stable rules across both halves.,14102754,Taken,Tom Sherry,M Price & M Kent Jnr,9,4,1.0,5.0,14.0,1.0,8.0,1.0,-1.5,3.0,3.4,3.3,3.3,4.0,0.0,0.0,1,1.0,4.61,97.0,2.0,2.0,2.0,1.0,op,-12.6,"R1,R2,R3,R4"
2026-05-02,Hawkesbury,6,1358088,2026-05-02T04:15:00+00:00,edge,Edge,Edge committee: a horse must pass ≥ 2 of 5 voting rules built on WPR + Late + PF rank signals. Field size ≥ 8 and combined book < 50% per race (max 2 picks/race). Selected from 24k rules on 45-day backtest; only stable rules across both halves.,14102808,Regal Award,C Schofield,P Stokes,6,10,1.0,8.0,8.0,2.0,2.0,1.0,-1.2,1.0,2.7,2.7,3.4,5.0,0.0,0.0,1,2.0,6.55,88.0,3.0,1.0,2.0,3.0,mf,-11.1,"R1,R2,R3,R4"
2026-05-03,Devonport,3,1358094,2026-05-03T02:55:00+00:00,edge,Edge,Edge committee: a horse must pass ≥ 2 of 5 voting rules built on WPR + Late + PF rank signals. Field size ≥ 8 and combined book < 50% per race (max 2 picks/race). Selected from 24k rules on 45-day backtest; only stable rules across both halves.,14102904,Khaleesi's Dream,E Byrne Burke,Adam Trinder,3,8,1.0,3.0,3.0,2.0,1.0,1.0,0.7,0.0,1.45,1.45,1.45,1.0,1.0,1.0,1,1.0,1.86,100.0,1.0,1.0,1.0,1.0,mf,-4.4,"R1,R2,R3,R4,R5"
2026-05-02,Donald,5,1358103,2026-05-02T04:46:00+00:00,edge,Edge,Edge committee: a horse must pass ≥ 2 of 5 voting rules built on WPR + Late + PF rank signals. Field size ≥ 8 and combined book < 50% per race (max 2 picks/race). Selected from 24k rules on 45-day backtest; only stable rules across both halves.,14103177,Hydrogen Power,Neil Farley,Nathan Hobson,6,8,2.0,2.0,7.0,2.0,1.0,2.0,-3.5,1.0,5.0,5.5,5.5,6.0,0.0,0.0,1,1.0,4.37,88.0,1.0,3.0,2.0,1.0,mf,-6.8,"R1,R2,R3,R4,R5"
2026-05-02,Donald,6,1358104,2026-05-02T05:21:00+00:00,edge,Edge,Edge committee: a horse must pass ≥ 2 of 5 voting rules built on WPR + Late + PF rank signals. Field size ≥ 8 and combined book < 50% per race (max 2 picks/race). Selected from 24k rules on 45-day backtest; only stable rules across both halves.,14103240,Olivia's Scandal,Chelsea Taylor,Jordy Coffey,6,6,3.0,4.0,6.0,2.0,2.0,1.0,-1.6,2.0,4.8,5.0,5.5,5.0,0.0,0.0,1,2.0,5.13,90.0,2.0,3.0,2.0,4.0,mf/bm,-5.7,"R1,R2,R3,R4"
2026-05-01,Geelong,1,1358124,2026-05-01T02:20:00+00:00,edge,Edge,Edge committee: a horse must pass ≥ 2 of 5 voting rules built on WPR + Late + PF rank signals. Field size ≥ 8 and combined book < 50% per race (max 2 picks/race). Selected from 24k rules on 45-day backtest; only stable rules across both halves.,14104050,Fenestella,Dylan Dunn,Shane Nichols & Hayden Black,8,8,1.0,1.0,4.0,3.0,2.0,1.0,0.5,0.0,2.4,2.3,2.35,1.0,1.0,1.0,1,1.0,2.16,95.0,1.0,3.0,3.0,25.0,mf,-0.2,"R1,R2,R3,R4"
2026-05-02,Pioneer Park,5,1358363,2026-05-02T06:11:00+00:00,edge,Edge,Edge committee: a horse must pass ≥ 2 of 5 voting rules built on WPR + Late + PF rank signals. Field size ≥ 8 and combined book < 50% per race (max 2 picks/race). Selected from 24k rules on 45-day backtest; only stable rules across both halves.,14113572,Rosebud Lass,Jessie Philpot,Ray Viney,8,9,3.0,6.0,10.0,1.0,1.0,1.0,0.1,1.0,5.5,4.8,4.8,1.0,1.0,1.0,1,2.0,6.77,50.0,9.0,1.0,1.0,1.0,no data,3.4,"R1,R2,R3,R5"
2026-05-04,Pioneer Park,1,1358368,2026-05-04T02:54:00+00:00,edge,Edge,Edge committee: a horse must pass ≥ 2 of 5 voting rules built on WPR + Late + PF rank signals. Field size ≥ 8 and combined book < 50% per race (max 2 picks/race). Selected from 24k rules on 45-day backtest; only stable rules across both halves.,14113638,Even Sharper,D Tourneur,Greg Connor,1,4,1.0,8.0,6.0,1.0,1.0,2.0,3.1,1.0,2.8,2.8,2.8,3.0,0.0,1.0,1,1.0,2.54,100.0,1.0,1.0,1.0,3.0,mf/bm,0.1,"R1,R2,R3,R4,R5"
2026-05-04,Pioneer Park,4,1358369,2026-05-04T04:47:00+00:00,edge,Edge,Edge committee: a horse must pass ≥ 2 of 5 voting rules built on WPR + Late + PF rank signals. Field size ≥ 8 and combined book < 50% per race (max 2 picks/race). Selected from 24k rules on 45-day backtest; only stable rules across both halves.,14113655,Voronya,P Denton,Greg Connor,2,8,1.0,7.0,1.0,1.0,1.0,1.0,-0.3,1.0,1.45,1.45,1.45,1.0,1.0,1.0,1,1.0,2.41,98.0,1.0,2.0,2.0,3.0,mf/bm,1.6,"R1,R2,R3,R4,R5"
2026-05-04,Pioneer Park,5,1358370,2026-05-04T05:22:00+00:00,edge,Edge,Edge committee: a horse must pass ≥ 2 of 5 voting rules built on WPR + Late + PF rank signals. Field size ≥ 8 and combined book < 50% per race (max 2 picks/race). Selected from 24k rules on 45-day backtest; only stable rules across both halves.,14113660,Bahama Bay,Lek Maloney,K Petrick,1,7,1.0,5.0,2.0,3.0,1.0,1.0,1.5,3.0,3.0,3.0,3.0,1.0,1.0,1.0,1,1.0,2.23,98.0,1.0,1.0,1.0,1.0,no data,-7.2,"R1,R2,R3,R4,R5"
2026-05-04,Pioneer Park,7,1358372,2026-05-04T06:35:00+00:00,edge,Edge,Edge committee: a horse must pass ≥ 2 of 5 voting rules built on WPR + Late + PF rank signals. Field size ≥ 8 and combined book < 50% per race (max 2 picks/race). Selected from 24k rules on 45-day backtest; only stable rules across both halves.,14113695,Kieffer,Sairyn Fawke,K J Lamprecht,2,4,2.0,8.0,1.0,2.0,1.0,2.0,1.5,2.0,4.4,4.0,4.8,6.0,0.0,0.0,1,1.0,3.42,78.0,3.0,2.0,2.0,2.0,no data,0.1,"R1,R3,R5"
2026-05-04,Ipswich,4,1358404,2026-05-04T04:05:00+00:00,edge,Edge,Edge committee: a horse must pass ≥ 2 of 5 voting rules built on WPR + Late + PF rank signals. Field size ≥ 8 and combined book < 50% per race (max 2 picks/race). Selected from 24k rules on 45-day backtest; only stable rules across both halves.,14114182,Empire Of Art,Kyle Wilson-Taylor,C J Waller,1,12,1.0,9.0,7.0,1.0,1.0,1.0,-2.9,0.0,3.4,3.4,3.4,2.0,0.0,1.0,1,1.0,3.52,96.0,1.0,2.0,2.0,2.0,mf/bm,-11.6,"R1,R2,R3,R4,R5"
2026-05-03,Sale,5,1358429,2026-05-03T04:55:00+00:00,edge,Edge,Edge committee: a horse must pass ≥ 2 of 5 voting rules built on WPR + Late + PF rank signals. Field size ≥ 8 and combined book < 50% per race (max 2 picks/race). Selected from 24k rules on 45-day backtest; only stable rules across both halves.,14114596,Grand Sage,Ruby Lamont,R C Manning,5,11,3.0,8.0,6.0,1.0,3.0,2.0,-4.6,2.0,6.5,6.5,8.0,2.0,0.0,1.0,1,2.0,4.91,71.0,4.0,3.0,3.0,7.0,mf/bm,-5.7,"R1,R3"
2026-05-03,Sale,6,1358430,2026-05-03T05:25:00+00:00,edge,Edge,Edge committee: a horse must pass ≥ 2 of 5 voting rules built on WPR + Late + PF rank signals. Field size ≥ 8 and combined book < 50% per race (max 2 picks/race). Selected from 24k rules on 45-day backtest; only stable rules across both halves.,14114663,Cavern,Jackson Radley,"Ben, Will & Jd Hayes",4,4,1.0,3.0,4.0,2.0,2.0,1.0,1.0,0.0,2.4,2.5,2.9,3.0,0.0,1.0,1,2.0,3.72,82.0,5.0,3.0,2.0,2.0,mf,-0.9,"R1,R2,R3"
2026-05-03,Sale,4,1358432,2026-05-03T04:25:00+00:00,edge,Edge,Edge committee: a horse must pass ≥ 2 of 5 voting rules built on WPR + Late + PF rank signals. Field size ≥ 8 and combined book < 50% per race (max 2 picks/race). Selected from 24k rules on 45-day backtest; only stable rules across both halves.,14114749,Always Shining,K Jennings,Brent Butcher,1,9,3.0,5.0,4.0,2.0,2.0,3.0,0.0,0.0,9.0,9.0,26.0,3.0,0.0,1.0,1,3.0,6.78,85.0,1.0,1.0,1.0,1.0,bm,0.1,"R1,R2,R3,R4"
2026-05-03,Northam,8,1358513,2026-05-03T08:25:00+00:00,edge,Edge,Edge committee: a horse must pass ≥ 2 of 5 voting rules built on WPR + Late + PF rank signals. Field size ≥ 8 and combined book < 50% per race (max 2 picks/race). Selected from 24k rules on 45-day backtest; only stable rules across both halves.,14117096,Rope Them In,S Mc Gruddy,S J Wolfe,2,10,2.0,10.0,3.0,3.0,1.0,2.0,-0.8,1.0,5.0,5.5,5.5,7.0,0.0,0.0,1,1.0,3.47,96.0,1.0,2.0,25.0,2.0,mf/bm,-10.9,"R1,R2,R4,R5"
2026-05-03,Northam,9,1358516,2026-05-03T08:55:00+00:00,edge,Edge,Edge committee: a horse must pass ≥ 2 of 5 voting rules built on WPR + Late + PF rank signals. Field size ≥ 8 and combined book < 50% per race (max 2 picks/race). Selected from 24k rules on 45-day backtest; only stable rules across both halves.,14117144,Belaura Star,Jarrad Noske,Tiarnna Noske,1,10,1.0,4.0,4.0,3.0,2.0,1.0,1.0,0.0,2.6,2.6,2.6,2.0,0.0,1.0,1,1.0,2.31,100.0,1.0,1.0,2.0,2.0,mf,-15.8,"R1,R2,R3,R4,R5"
2026-05-03,Northam,1,1358517,2026-05-03T04:43:00+00:00,edge,Edge,Edge committee: a horse must pass ≥ 2 of 5 voting rules built on WPR + Late + PF rank signals. Field size ≥ 8 and combined book < 50% per race (max 2 picks/race). Selected from 24k rules on 45-day backtest; only stable rules across both halves.,14117151,Thor's Angel,Lucy Fiore,Brandon Fiore,7,5,1.0,2.0,2.0,3.0,1.0,1.0,-0.3,0.0,1.65,1.7,2.1,1.0,1.0,1.0,1,1.0,2.37,100.0,1.0,1.0,1.0,1.0,bm,-2.0,"R1,R2,R3,R4,R5"
2026-05-02,Ascot,2,1358522,2026-05-02T04:19:00+00:00,edge,Edge,Edge committee: a horse must pass ≥ 2 of 5 voting rules built on WPR + Late + PF rank signals. Field size ≥ 8 and combined book < 50% per race (max 2 picks/race). Selected from 24k rules on 45-day backtest; only stable rules across both halves.,14117246,Go Go Grommet,Zephen Johnston-Porter,C & M Gangemi,3,9,4.0,7.0,6.0,2.0,3.0,2.0,0.5,1.0,6.5,6.0,6.0,5.0,0.0,0.0,1,2.0,4.52,87.0,1.0,3.0,2.0,1.0,mf/bm,0.0,"R2,R4"
2026-05-02,Ascot,3,1358527,2026-05-02T04:54:00+00:00,edge,Edge,Edge committee: a horse must pass ≥ 2 of 5 voting rules built on WPR + Late + PF rank signals. Field size ≥ 8 and combined book < 50% per race (max 2 picks/race). Selected from 24k rules on 45-day backtest; only stable rules across both halves.,14117324,Gold Maker,Joey Azzopardi,D Riordan,5,3,4.0,7.0,8.0,3.0,2.0,3.0,-0.5,0.0,13.0,14.0,14.0,7.0,0.0,0.0,1,2.0,6.1,98.0,1.0,1.0,2.0,4.0,bm,13.4,"R1,R2,R4"
2026-05-02,Morphettville,7,1358580,2026-05-02T05:55:00+00:00,edge,Edge,Edge committee: a horse must pass ≥ 2 of 5 voting rules built on WPR + Late + PF rank signals. Field size ≥ 8 and combined book < 50% per race (max 2 picks/race). Selected from 24k rules on 45-day backtest; only stable rules across both halves.,14118228,Rohesia,D W Stackhouse,"Ben, Will & Jd Hayes",6,3,1.0,10.0,12.0,1.0,1.0,1.0,-2.4,0.0,3.0,3.1,3.4,10.0,0.0,0.0,1,1.0,3.17,99.0,1.0,1.0,1.0,1.0,mf/bm,0.4,"R1,R2,R3,R4,R5"
2026-05-02,Morphettville,2,1358582,2026-05-02T02:57:00+00:00,edge,Edge,Edge committee: a horse must pass ≥ 2 of 5 voting rules built on WPR + Late + PF rank signals. Field size ≥ 8 and combined book < 50% per race (max 2 picks/race). Selected from 24k rules on 45-day backtest; only stable rules across both halves.,14118261,Skadoosh,Caitlyn Munro,R & C Jolly,5,3,4.0,8.0,6.0,2.0,2.0,3.0,-0.2,1.0,8.0,8.5,9.0,11.0,0.0,0.0,1,2.0,4.83,96.0,2.0,1.0,1.0,1.0,mf/bm,2.2,"R1,R2,R3,R4"
2026-05-01,Pakenham,6,1358586,2026-05-01T08:45:00+00:00,edge,Edge,Edge committee: a horse must pass ≥ 2 of 5 voting rules built on WPR + Late + PF rank signals. Field size ≥ 8 and combined book < 50% per race (max 2 picks/race). Selected from 24k rules on 45-day backtest; only stable rules across both halves.,14118309,Shidan,J Maskiell,Adele Garraway,3,5,4.0,7.0,3.0,2.0,6.0,1.0,2.8,0.0,9.5,9.0,9.0,5.0,0.0,0.0,1,3.0,8.28,62.0,5.0,2.0,3.0,5.0,mf,-2.2,"R1,R3"
2026-05-01,Pakenham,8,1358587,2026-05-01T09:45:00+00:00,edge,Edge,Edge committee: a horse must pass ≥ 2 of 5 voting rules built on WPR + Late + PF rank signals. Field size ≥ 8 and combined book < 50% per race (max 2 picks/race). Selected from 24k rules on 45-day backtest; only stable rules across both halves.,14118323,Lathlain,Jackson Radley,T Busuttin & N Young,7,4,2.0,5.0,9.0,3.0,7.0,3.0,2.5,2.0,4.4,4.6,4.8,3.0,0.0,1.0,1,1.0,3.97,100.0,1.0,1.0,4.0,3.0,mf,-3.0,"R1,R2,R4"
2026-05-01,Pakenham,7,1358589,2026-05-01T09:15:00+00:00,edge,Edge,Edge committee: a horse must pass ≥ 2 of 5 voting rules built on WPR + Late + PF rank signals. Field size ≥ 8 and combined book < 50% per race (max 2 picks/race). Selected from 24k rules on 45-day backtest; only stable rules across both halves.,14118347,Just Jenni,Jett Stanley,Lloyd Kennewell,8,9,1.0,4.0,2.0,1.0,1.0,1.0,0.9,1.0,3.9,4.0,4.2,3.0,0.0,1.0,1,3.0,4.35,60.0,7.0,2.0,2.0,2.0,mf/bm,2.9,"R1,R2,R3,R5"
2026-05-02,Bendigo,7,1358596,2026-05-02T05:05:00+00:00,edge,Edge,Edge committee: a horse must pass ≥ 2 of 5 voting rules built on WPR + Late + PF rank signals. Field size ≥ 8 and combined book < 50% per race (max 2 picks/race). Selected from 24k rules on 45-day backtest; only stable rules across both halves.,14118434,Navy Pilot,Molly Bourke,C Maher,1,10,5.0,12.0,1.0,1.0,3.0,2.0,2.2,0.0,16.0,16.0,16.0,1.0,1.0,1.0,1,2.0,8.03,58.0,7.0,1.0,1.0,2.0,mf,-15.0,"R1,R3,R5"
2026-05-02,Bendigo,6,1358599,2026-05-02T04:30:00+00:00,edge,Edge,Edge committee: a horse must pass ≥ 2 of 5 voting rules built on WPR + Late + PF rank signals. Field size ≥ 8 and combined book < 50% per race (max 2 picks/race). Selected from 24k rules on 45-day backtest; only stable rules across both halves.,14118499,Duchess Zou,Logan Bates,C Maher,10,7,1.0,5.0,9.0,3.0,3.0,1.0,1.9,2.0,2.7,2.7,2.9,10.0,0.0,0.0,1,1.0,4.18,98.0,1.0,1.0,2.0,2.0,mf,4.4,"R1,R2,R3,R4,R5"
2026-05-05,Taree,4,1358617,2026-05-05T04:50:00+00:00,edge,Edge,Edge committee: a horse must pass ≥ 2 of 5 voting rules built on WPR + Late + PF rank signals. Field size ≥ 8 and combined book < 50% per race (max 2 picks/race). Selected from 24k rules on 45-day backtest; only stable rules across both halves.,14118766,Simply Gold,Mitchell Bell,Annabel & Rob Archibald,11,12,1.0,8.0,7.0,2.0,1.0,1.0,-2.1,0.0,1.7,1.6,1.6,1.0,1.0,1.0,1,1.0,3.32,96.0,1.0,2.0,1.0,2.0,mf/bm,-13.2,"R1,R2,R3,R4,R5"
2026-05-06,Warrnambool,10,1358645,2026-05-06T06:30:00+00:00,edge,Edge,Edge committee: a horse must pass ≥ 2 of 5 voting rules built on WPR + Late + PF rank signals. Field size ≥ 8 and combined book < 50% per race (max 2 picks/race). Selected from 24k rules on 45-day backtest; only stable rules across both halves.,14119492,Inherently,B Rawiller,P W McKenna,10,5,4.0,6.0,13.0,3.0,5.0,1.0,1.0,0.0,6.5,6.5,6.5,1.0,1.0,1.0,1,1.0,5.96,87.0,4.0,2.0,3.0,2.0,bm,0.0,"R1,R3"
2026-05-06,Warrnambool,2,1358652,2026-05-06T01:50:00+00:00,edge,Edge,Edge committee: a horse must pass ≥ 2 of 5 voting rules built on WPR + Late + PF rank signals. Field size ≥ 8 and combined book < 50% per race (max 2 picks/race). Selected from 24k rules on 45-day backtest; only stable rules across both halves.,14119911,Vieux Riche,John Allen,Shane Jackson,11,1,1.0,4.0,4.0,2.0,2.0,1.0,0.0,0.0,2.0,2.0,2.0,1.0,1.0,1.0,1,1.0,2.76,70.0,2.0,3.0,2.0,3.0,mf,0.2,"R1,R2,R3,R4"
2026-05-04,Kilmore,7,1358655,2026-05-04T05:30:00+00:00,edge,Edge,Edge committee: a horse must pass ≥ 2 of 5 voting rules built on WPR + Late + PF rank signals. Field size ≥ 8 and combined book < 50% per race (max 2 picks/race). Selected from 24k rules on 45-day backtest; only stable rules across both halves.,14120101,Phoenician,B Rawiller,E W Ewert,4,1,2.0,3.0,9.0,3.0,2.0,1.0,0.8,0.0,5.0,5.5,5.5,7.0,0.0,0.0,1,3.0,8.38,64.0,6.0,2.0,3.0,3.0,op,0.0,"R1,R3"
2026-05-07,Warrnambool,6,1358672,2026-05-07T03:50:00+00:00,edge,Edge,Edge committee: a horse must pass ≥ 2 of 5 voting rules built on WPR + Late + PF rank signals. Field size ≥ 8 and combined book < 50% per race (max 2 picks/race). Selected from 24k rules on 45-day backtest; only stable rules across both halves.,14120543,From A Distance,Declan Bates,Symon Wilde,5,3,2.0,2.0,9.0,3.0,1.0,1.0,-2.5,1.0,4.6,4.8,5.5,10.0,0.0,0.0,1,1.0,3.28,93.0,2.0,1.0,1.0,1.0,op/mf,-12.8,"R1,R2,R3,R4,R5"
2026-05-07,Warrnambool,8,1358680,2026-05-07T05:15:00+00:00,edge,Edge,Edge committee: a horse must pass ≥ 2 of 5 voting rules built on WPR + Late + PF rank signals. Field size ≥ 8 and combined book < 50% per race (max 2 picks/race). Selected from 24k rules on 45-day backtest; only stable rules across both halves.,14120936,Test Of Love,H Coffey,"Ben, Will & Jd Hayes",7,8,3.0,2.0,5.0,2.0,2.0,3.0,-3.0,2.0,4.2,4.2,4.2,1.0,1.0,1.0,1,1.0,3.52,100.0,1.0,1.0,1.0,2.0,op,-13.4,"R1,R2,R3,R4,R5"
2026-05-02,Gold Coast,4,1358682,2026-05-02T04:04:00+00:00,edge,Edge,Edge committee: a horse must pass ≥ 2 of 5 voting rules built on WPR + Late + PF rank signals. Field size ≥ 8 and combined book < 50% per race (max 2 picks/race). Selected from 24k rules on 45-day backtest; only stable rules across both halves.,14121011,Count Nicholas,Bella Youngberry,Adam Campton,1,2,1.0,6.0,2.0,1.0,1.0,1.0,0.8,1.0,1.55,1.5,1.6,1.0,1.0,1.0,1,1.0,2.28,100.0,1.0,1.0,1.0,1.0,mf,-7.3,"R1,R2,R3,R4,R5"
2026-05-02,Gold Coast,5,1358683,2026-05-02T04:39:00+00:00,edge,Edge,Edge committee: a horse must pass ≥ 2 of 5 voting rules built on WPR + Late + PF rank signals. Field size ≥ 8 and combined book < 50% per race (max 2 picks/race). Selected from 24k rules on 45-day backtest; only stable rules across both halves.,14121026,Immediate,Bella Youngberry,T J Gollan,5,9,2.0,9.0,4.0,1.0,2.0,1.0,-4.1,0.0,5.0,4.8,4.8,4.0,0.0,0.0,1,2.0,7.23,86.0,4.0,1.0,1.0,2.0,mf,3.1,"R1,R3,R5"
2026-05-06,Eagle Farm,9,1358716,2026-05-06T06:43:00+00:00,edge,Edge,Edge committee: a horse must pass ≥ 2 of 5 voting rules built on WPR + Late + PF rank signals. Field size ≥ 8 and combined book < 50% per race (max 2 picks/race). Selected from 24k rules on 45-day backtest; only stable rules across both halves.,14121406,Canara,Kyle Wilson-Taylor,C J Waller,12,9,4.0,9.0,7.0,2.0,1.0,2.0,2.0,1.0,9.0,9.5,9.5,1.0,1.0,1.0,1,1.0,5.66,82.0,5.0,3.0,5.0,3.0,mf/bm,3.3,"R1,R5"
2026-05-06,Eagle Farm,1,1358719,2026-05-06T01:57:00+00:00,edge,Edge,Edge committee: a horse must pass ≥ 2 of 5 voting rules built on WPR + Late + PF rank signals. Field size ≥ 8 and combined book < 50% per race (max 2 picks/race). Selected from 24k rules on 45-day backtest; only stable rules across both halves.,14121465,Sword Of Legacy,Jake Bayliss,M J Dunn,10,2,1.0,3.0,8.0,3.0,4.0,1.0,-1.2,0.0,2.1,2.0,2.6,1.0,1.0,1.0,1,1.0,2.44,100.0,1.0,1.0,1.0,1.0,mf,0.0,"R1,R2,R3,R4"
2026-05-07,Goulburn,6,1358772,2026-05-07T05:40:00+00:00,edge,Edge,Edge committee: a horse must pass ≥ 2 of 5 voting rules built on WPR + Late + PF rank signals. Field size ≥ 8 and combined book < 50% per race (max 2 picks/race). Selected from 24k rules on 45-day backtest; only stable rules across both halves.,14122141,Dundeel Flyer,A Adkins,Peter Snowden,7,5,1.0,8.0,2.0,3.0,1.0,1.0,0.2,0.0,1.8,1.85,2.45,1.0,1.0,1.0,1,2.0,3.68,91.0,2.0,2.0,3.0,3.0,mf/bm,-10.9,"R1,R2,R3,R4"
2026-05-07,Goulburn,4,1358773,2026-05-07T04:15:00+00:00,edge,Edge,Edge committee: a horse must pass ≥ 2 of 5 voting rules built on WPR + Late + PF rank signals. Field size ≥ 8 and combined book < 50% per race (max 2 picks/race). Selected from 24k rules on 45-day backtest; only stable rules across both halves.,14122167,Viipuri,A Adkins,Peter Snowden,1,2,2.0,4.0,2.0,2.0,2.0,1.0,1.5,0.0,3.5,3.5,8.5,1.0,1.0,1.0,1,2.0,4.11,75.0,4.0,1.0,1.0,1.0,bm,3.0,"R1,R3"
2026-05-07,Wyong,4,1358785,2026-05-07T04:40:00+00:00,edge,Edge,Edge committee: a horse must pass ≥ 2 of 5 voting rules built on WPR + Late + PF rank signals. Field size ≥ 8 and combined book < 50% per race (max 2 picks/race). Selected from 24k rules on 45-day backtest; only stable rules across both halves.,14122378,Waku Waku,O A Dalton,Annabel & Rob Archibald,1,7,2.0,4.0,5.0,1.0,2.0,1.0,0.4,2.0,3.3,3.2,3.3,1.0,1.0,1.0,1,1.0,3.66,78.0,4.0,2.0,1.0,5.0,mf,-7.5,"R1,R3,R5"
2026-05-05,Warrnambool,1,1358791,2026-05-05T01:20:00+00:00,edge,Edge,Edge committee: a horse must pass ≥ 2 of 5 voting rules built on WPR + Late + PF rank signals. Field size ≥ 8 and combined book < 50% per race (max 2 picks/race). Selected from 24k rules on 45-day backtest; only stable rules across both halves.,14122442,Sirius Black,B S Rantall,P A Preusker,8,4,2.0,5.0,6.0,1.0,1.0,1.0,12.9,0.0,5.5,5.5,5.5,3.0,0.0,1.0,1,2.0,3.53,90.0,1.0,2.0,25.0,25.0,bm,-3.5,"R1,R2,R4,R5"
2026-05-07,Albany,5,1358834,2026-05-07T07:26:00+00:00,edge,Edge,Edge committee: a horse must pass ≥ 2 of 5 voting rules built on WPR + Late + PF rank signals. Field size ≥ 8 and combined book < 50% per race (max 2 picks/race). Selected from 24k rules on 45-day backtest; only stable rules across both halves.,14122849,Desert Ora,Natasha Faithfull,Michelle Hagley,6,3,1.0,6.0,5.0,1.0,1.0,2.0,0.4,1.0,1.6,1.6,1.6,1.0,1.0,1.0,1,1.0,3.06,96.0,2.0,1.0,1.0,1.0,mf/bm,3.2,"R1,R2,R3,R4,R5"
2026-05-07,Albany,4,1358835,2026-05-07T06:47:00+00:00,edge,Edge,Edge committee: a horse must pass ≥ 2 of 5 voting rules built on WPR + Late + PF rank signals. Field size ≥ 8 and combined book < 50% per race (max 2 picks/race). Selected from 24k rules on 45-day backtest; only stable rules across both halves.,14122856,Head'em,Lucy Fiore,Roy Rogers,5,6,1.0,7.0,4.0,2.0,2.0,1.0,2.1,2.0,3.7,3.7,4.2,1.0,1.0,1.0,1,1.0,5.38,51.0,8.0,2.0,3.0,4.0,bm,0.0,"R1,R3"
2026-05-05,Rockhampton,8,1358862,2026-05-05T06:27:00+00:00,edge,Edge,Edge committee: a horse must pass ≥ 2 of 5 voting rules built on WPR + Late + PF rank signals. Field size ≥ 8 and combined book < 50% per race (max 2 picks/race). Selected from 24k rules on 45-day backtest; only stable rules across both halves.,14123062,More Trouble,S Cormack,Toni Schofield,1,12,3.0,6.0,2.0,3.0,1.0,1.0,5.2,0.0,3.6,3.6,3.9,5.0,0.0,0.0,1,2.0,4.2,78.0,4.0,3.0,3.0,5.0,mf,6.0,"R1,R3"
2026-05-06,Murray Bridge GH,6,1358880,2026-05-06T05:40:00+00:00,edge,Edge,Edge committee: a horse must pass ≥ 2 of 5 voting rules built on WPR + Late + PF rank signals. Field size ≥ 8 and combined book < 50% per race (max 2 picks/race). Selected from 24k rules on 45-day backtest; only stable rules across both halves.,14123281,Falanghina,Alysha Warren,P Stokes,3,11,1.0,11.0,4.0,2.0,2.0,1.0,1.0,3.0,4.6,4.6,5.0,3.0,0.0,1.0,1,1.0,5.22,88.0,3.0,3.0,2.0,1.0,mf/bm,0.7,"R1,R2,R3,R4"
2026-05-08,Canberra,7,1358890,2026-05-08T06:15:00+00:00,edge,Edge,Edge committee: a horse must pass ≥ 2 of 5 voting rules built on WPR + Late + PF rank signals. Field size ≥ 8 and combined book < 50% per race (max 2 picks/race). Selected from 24k rules on 45-day backtest; only stable rules across both halves.,14123404,Dupli Kate,B Mc Dougall,N F Gardner,7,4,2.0,8.0,1.0,2.0,1.0,3.0,-1.0,0.0,2.5,2.5,3.3,7.0,0.0,0.0,1,1.0,4.82,92.0,2.0,1.0,2.0,2.0,bm,-18.1,"R1,R2,R3,R4,R5"
2026-05-08,Coffs Harbour,8,1358894,2026-05-08T05:10:00+00:00,edge,Edge,Edge committee: a horse must pass ≥ 2 of 5 voting rules built on WPR + Late + PF rank signals. Field size ≥ 8 and combined book < 50% per race (max 2 picks/race). Selected from 24k rules on 45-day backtest; only stable rules across both halves.,14123450,Wanjina Rose,G Spokes,Daniel Wheeler,1,9,1.0,6.0,10.0,2.0,1.0,1.0,-0.8,0.0,3.6,3.6,4.4,1.0,1.0,1.0,1,1.0,4.78,92.0,2.0,1.0,1.0,2.0,mf,-2.5,"R1,R2,R3,R4,R5"
2026-05-08,Townsville,4,1358902,2026-05-08T03:40:00+00:00,edge,Edge,Edge committee: a horse must pass ≥ 2 of 5 voting rules built on WPR + Late + PF rank signals. Field size ≥ 8 and combined book < 50% per race (max 2 picks/race). Selected from 24k rules on 45-day backtest; only stable rules across both halves.,14123619,Nicco Nota Fighter,N Thomas,Matthew McGuire,6,5,4.0,4.0,4.0,2.0,2.0,1.0,-1.0,0.0,6.5,6.5,8.0,7.0,0.0,0.0,1,1.0,3.06,100.0,1.0,1.0,7.0,25.0,bm,0.0,"R1,R2,R4,R5"
2026-05-09,Ipswich,5,1358931,2026-05-09T03:59:00+00:00,edge,Edge,Edge committee: a horse must pass ≥ 2 of 5 voting rules built on WPR + Late + PF rank signals. Field size ≥ 8 and combined book < 50% per race (max 2 picks/race). Selected from 24k rules on 45-day backtest; only stable rules across both halves.,14124040,Bolshevic Road,B Lerena,R L Heathcote,1,10,4.0,10.0,7.0,1.0,1.0,3.0,-1.1,0.0,6.0,6.0,9.0,7.0,0.0,0.0,1,3.0,9.29,60.0,6.0,2.0,2.0,2.0,mf,-9.6,"R1,R3,R5"
2026-05-09,Ipswich,2,1358936,2026-05-09T02:14:00+00:00,edge,Edge,Edge committee: a horse must pass ≥ 2 of 5 voting rules built on WPR + Late + PF rank signals. Field size ≥ 8 and combined book < 50% per race (max 2 picks/race). Selected from 24k rules on 45-day backtest; only stable rules across both halves.,14124191,Saxon Spirit,Bella Youngberry,Chris & Corey Munce,11,12,1.0,5.0,9.0,1.0,1.0,1.0,,0.0,2.0,1.9,2.1,1.0,1.0,1.0,1,1.0,3.34,100.0,1.0,25.0,1.0,1.0,bm,-7.6,"R2,R3"
2026-05-09,Toowoomba,6,1358940,2026-05-09T10:07:00+00:00,edge,Edge,Edge committee: a horse must pass ≥ 2 of 5 voting rules built on WPR + Late + PF rank signals. Field size ≥ 8 and combined book < 50% per race (max 2 picks/race). Selected from 24k rules on 45-day backtest; only stable rules across both halves.,14124268,Aeropower,B Lerena,T J Dougall,4,11,4.0,10.0,2.0,1.0,1.0,2.0,,0.0,8.0,11.0,11.0,6.0,0.0,0.0,1,3.0,6.13,72.0,3.0,3.0,2.0,4.0,bm,-0.1,"R1,R2,R3,R4,R5"
2026-05-09,Toowoomba,5,1358944,2026-05-09T09:35:00+00:00,edge,Edge,Edge committee: a horse must pass ≥ 2 of 5 voting rules built on WPR + Late + PF rank signals. Field size ≥ 8 and combined book < 50% per race (max 2 picks/race). Selected from 24k rules on 45-day backtest; only stable rules across both halves.,14124338,Seismic Boom,Fiona Sandkuhl,Matthew Hoysted,7,13,1.0,8.0,10.0,1.0,1.0,1.0,,1.0,2.7,3.8,3.8,4.0,0.0,0.0,1,1.0,3.65,100.0,1.0,1.0,1.0,1.0,bm,-1.7,"R1,R2,R3,R4,R5"
2026-05-09,Gosford,7,1358952,2026-05-09T04:45:00+00:00,edge,Edge,Edge committee: a horse must pass ≥ 2 of 5 voting rules built on WPR + Late + PF rank signals. Field size ≥ 8 and combined book < 50% per race (max 2 picks/race). Selected from 24k rules on 45-day backtest; only stable rules across both halves.,14124518,Kerguelen,S Clipperton,Joseph Pride,9,2,1.0,8.0,8.0,1.0,1.0,3.0,-1.6,2.0,4.0,3.9,3.9,10.0,0.0,0.0,1,2.0,5.07,85.0,3.0,1.0,1.0,1.0,mf/bm,-14.9,"R1,R2,R3,R4,R5"
2026-05-09,Gold Coast,8,1358963,2026-05-09T06:55:00+00:00,edge,Edge,Edge committee: a horse must pass ≥ 2 of 5 voting rules built on WPR + Late + PF rank signals. Field size ≥ 8 and combined book < 50% per race (max 2 picks/race). Selected from 24k rules on 45-day backtest; only stable rules across both halves.,14124676,Motorsports,Jamie Melham,T & C McEvoy,12,13,5.0,11.0,5.0,1.0,2.0,2.0,-3.4,2.0,13.0,14.0,14.0,3.0,0.0,1.0,1,4.0,9.77,83.0,3.0,2.0,1.0,1.0,mf/bm,-18.3,"R2,R4"
2026-05-09,Gold Coast,7,1358968,2026-05-09T06:08:00+00:00,edge,Edge,Edge committee: a horse must pass ≥ 2 of 5 voting rules built on WPR + Late + PF rank signals. Field size ≥ 8 and combined book < 50% per race (max 2 picks/race). Selected from 24k rules on 45-day backtest; only stable rules across both halves.,14124806,Birdman,J B Mc Donald,C J Waller,3,2,3.0,8.0,3.0,3.0,3.0,2.0,0.0,1.0,4.2,4.2,4.4,2.0,0.0,1.0,1,1.0,4.6,88.0,3.0,1.0,7.0,7.0,mf/bm,-19.8,"R1,R2,R4,R5"
2026-05-10,Hobart,8,1358981,2026-05-10T06:19:00+00:00,edge,Edge,Edge committee: a horse must pass ≥ 2 of 5 voting rules built on WPR + Late + PF rank signals. Field size ≥ 8 and combined book < 50% per race (max 2 picks/race). Selected from 24k rules on 45-day backtest; only stable rules across both halves.,14125053,Georgaroni,Jabez Johnstone,J K Blacker,2,8,1.0,3.0,4.0,1.0,1.0,1.0,0.5,2.0,2.5,2.6,2.6,6.0,0.0,0.0,1,3.0,4.78,62.0,6.0,2.0,2.0,2.0,bm,9.7,"R1,R2,R3,R5"
2026-05-08,Pakenham,2,1359018,2026-05-08T07:15:00+00:00,edge,Edge,Edge committee: a horse must pass ≥ 2 of 5 voting rules built on WPR + Late + PF rank signals. Field size ≥ 8 and combined book < 50% per race (max 2 picks/race). Selected from 24k rules on 45-day backtest; only stable rules across both halves.,14125643,Annabelle Sunshine,J Beriman,Michael Trotter,5,3,2.0,2.0,5.0,3.0,1.0,1.0,-0.1,0.0,3.6,3.5,3.6,1.0,1.0,1.0,1,1.0,2.86,96.0,1.0,3.0,2.0,3.0,mf,0.0,"R1,R2,R3,R4,R5"
2026-05-09,Ararat,2,1359036,2026-05-09T02:56:00+00:00,edge,Edge,Edge committee: a horse must pass ≥ 2 of 5 voting rules built on WPR + Late + PF rank signals. Field size ≥ 8 and combined book < 50% per race (max 2 picks/race). Selected from 24k rules on 45-day backtest; only stable rules across both halves.,14126011,Wavelets,Neil Farley,Thomas Carberry,14,11,1.0,9.0,2.0,3.0,1.0,1.0,0.0,0.0,2.3,2.35,2.8,4.0,0.0,0.0,1,3.0,5.6,78.0,2.0,1.0,1.0,1.0,mf,0.0,"R1,R2,R3,R4,R5"
2026-05-10,Moruya,5,1359125,2026-05-10T05:20:00+00:00,edge,Edge,Edge committee: a horse must pass ≥ 2 of 5 voting rules built on WPR + Late + PF rank signals. Field size ≥ 8 and combined book < 50% per race (max 2 picks/race). Selected from 24k rules on 45-day backtest; only stable rules across both halves.,14127359,Chairman's List,Q Krogh,R Cole,9,11,3.0,8.0,5.0,1.0,5.0,1.0,0.4,1.0,7.5,7.5,8.0,4.0,0.0,0.0,1,2.0,4.45,91.0,2.0,3.0,3.0,2.0,mf,5.7,"R1,R2,R3,R4"
2026-05-10,Sunshine Coast,6,1359144,2026-05-10T05:30:00+00:00,edge,Edge,Edge committee: a horse must pass ≥ 2 of 5 voting rules built on WPR + Late + PF rank signals. Field size ≥ 8 and combined book < 50% per race (max 2 picks/race). Selected from 24k rules on 45-day backtest; only stable rules across both halves.,14127734,Excenia,Corey Sutherland,T & C McEvoy,3,8,3.0,8.0,2.0,1.0,1.0,3.0,2.6,1.0,3.6,3.6,3.6,2.0,0.0,1.0,1,2.0,4.32,85.0,1.0,2.0,2.0,4.0,op/mf,1.8,"R1,R2,R3,R4,R5"
2026-05-11,Quirindi,1,1359152,2026-05-11T02:50:00+00:00,edge,Edge,Edge committee: a horse must pass ≥ 2 of 5 voting rules built on WPR + Late + PF rank signals. Field size ≥ 8 and combined book < 50% per race (max 2 picks/race). Selected from 24k rules on 45-day backtest; only stable rules across both halves.,14127883,Devilish Sun,L P Rolls,Tim McIntosh,1,8,1.0,7.0,8.0,1.0,1.0,2.0,,0.0,2.4,2.6,2.6,3.0,0.0,1.0,1,1.0,2.57,100.0,1.0,1.0,1.0,1.0,bm,0.1,"R1,R2,R3,R4,R5"
2026-05-10,Ballarat,8,1359186,2026-05-10T06:45:00+00:00,edge,Edge,Edge committee: a horse must pass ≥ 2 of 5 voting rules built on WPR + Late + PF rank signals. Field size ≥ 8 and combined book < 50% per race (max 2 picks/race). Selected from 24k rules on 45-day backtest; only stable rules across both halves.,14128654,Where's My Sock,Neil Farley,Nathan Hobson,12,9,3.0,5.0,6.0,1.0,2.0,1.0,-1.1,1.0,5.5,9.0,9.0,7.0,0.0,0.0,1,3.0,7.0,74.0,3.0,25.0,3.0,3.0,mf,3.1,"R2,R3"
2026-05-10,Mornington,2,1359195,2026-05-10T03:15:00+00:00,edge,Edge,Edge committee: a horse must pass ≥ 2 of 5 voting rules built on WPR + Late + PF rank signals. Field size ≥ 8 and combined book < 50% per race (max 2 picks/race). Selected from 24k rules on 45-day backtest; only stable rules across both halves.,14129078,Unriddle,Melea Castle,Rory Hunter,9,2,1.0,5.0,6.0,1.0,1.0,1.0,0.0,0.0,2.6,3.1,3.1,1.0,1.0,1.0,1,1.0,2.85,93.0,2.0,1.0,1.0,1.0,op/mf,0.0,"R1,R2,R3,R4,R5"
2026-05-09,Port Hedland,4,1359213,2026-05-09T07:45:00+00:00,edge,Edge,Edge committee: a horse must pass ≥ 2 of 5 voting rules built on WPR + Late + PF rank signals. Field size ≥ 8 and combined book < 50% per race (max 2 picks/race). Selected from 24k rules on 45-day backtest; only stable rules across both halves.,14129205,Tousled Crown,Jason Li,Brett Pope,1,6,1.0,6.0,4.0,1.0,1.0,1.0,-3.2,0.0,3.9,4.2,4.4,3.0,0.0,1.0,1,2.0,4.13,91.0,2.0,1.0,1.0,4.0,op/mf,-12.0,"R1,R2,R3,R4,R5"
2026-05-09,Port Hedland,5,1359216,2026-05-09T08:15:00+00:00,edge,Edge,Edge committee: a horse must pass ≥ 2 of 5 voting rules built on WPR + Late + PF rank signals. Field size ≥ 8 and combined book < 50% per race (max 2 picks/race). Selected from 24k rules on 45-day backtest; only stable rules across both halves.,14129242,Quick Cookie,Madi Derrick,Ryan Hill,7,8,1.0,4.0,2.0,3.0,3.0,2.0,1.2,0.0,3.0,2.9,3.2,7.0,0.0,0.0,1,1.0,2.93,100.0,1.0,1.0,1.0,3.0,op,-13.9,"R1,R2,R3,R4,R5"
2026-05-09,Port Hedland,3,1359217,2026-05-09T07:09:00+00:00,edge,Edge,Edge committee: a horse must pass ≥ 2 of 5 voting rules built on WPR + Late + PF rank signals. Field size ≥ 8 and combined book < 50% per race (max 2 picks/race). Selected from 24k rules on 45-day backtest; only stable rules across both halves.,14129254,Dynamic One,Rosie Mahony,Timothy Pike,1,3,1.0,6.0,2.0,3.0,3.0,3.0,6.9,1.0,1.7,1.7,1.8,1.0,1.0,1.0,1,1.0,3.81,95.0,2.0,2.0,2.0,4.0,mf,0.5,"R1,R3"
2026-05-10,Kalgoorlie,3,1359227,2026-05-10T06:15:00+00:00,edge,Edge,Edge committee: a horse must pass ≥ 2 of 5 voting rules built on WPR + Late + PF rank signals. Field size ≥ 8 and combined book < 50% per race (max 2 picks/race). Selected from 24k rules on 45-day backtest; only stable rules across both halves.,14129414,Jayashree,Holly Nottle,P J Fernie,3,2,1.0,9.0,4.0,1.0,2.0,2.0,1.2,0.0,2.9,2.0,2.6,1.0,1.0,1.0,1,1.0,4.24,86.0,3.0,3.0,2.0,5.0,op/mf,0.0,"R1,R2,R3,R4,R5"
2026-05-10,Kalgoorlie,1,1359228,2026-05-10T04:55:00+00:00,edge,Edge,Edge committee: a horse must pass ≥ 2 of 5 voting rules built on WPR + Late + PF rank signals. Field size ≥ 8 and combined book < 50% per race (max 2 picks/race). Selected from 24k rules on 45-day backtest; only stable rules across both halves.,14129423,Royal Guardian,Natasha Faithfull,P J Fernie,7,4,1.0,5.0,6.0,1.0,1.0,1.0,0.9,0.0,1.75,1.6,1.65,1.0,1.0,1.0,1,1.0,2.7,100.0,1.0,1.0,1.0,1.0,bm,0.0,"R1,R2,R3,R4,R5"
2026-05-10,Kalgoorlie,7,1359230,2026-05-10T08:40:00+00:00,edge,Edge,Edge committee: a horse must pass ≥ 2 of 5 voting rules built on WPR + Late + PF rank signals. Field size ≥ 8 and combined book < 50% per race (max 2 picks/race). Selected from 24k rules on 45-day backtest; only stable rules across both halves.,14129454,Space Academy,Brayden Gaerth,Mack Hall,6,5,1.0,9.0,3.0,2.0,4.0,1.0,3.2,1.0,5.0,7.0,7.0,2.0,0.0,1.0,1,3.0,7.34,90.0,2.0,3.0,2.0,7.0,mf,8.0,"R1,R2,R3,R4"
2026-05-10,Kalgoorlie,6,1359232,2026-05-10T08:07:00+00:00,edge,Edge,Edge committee: a horse must pass ≥ 2 of 5 voting rules built on WPR + Late + PF rank signals. Field size ≥ 8 and combined book < 50% per race (max 2 picks/race). Selected from 24k rules on 45-day backtest; only stable rules across both halves.,14129479,Just Famous,Holly Nottle,P J Fernie,4,2,1.0,7.0,2.0,2.0,1.0,1.0,-0.6,1.0,1.5,1.3,1.5,2.0,0.0,1.0,1,3.0,6.66,75.0,7.0,1.0,1.0,1.0,mf,4.4,"R1,R3,R5"
2026-05-09,Morphettville,9,1359306,2026-05-09T07:05:00+00:00,edge,Edge,Edge committee: a horse must pass ≥ 2 of 5 voting rules built on WPR + Late + PF rank signals. Field size ≥ 8 and combined book < 50% per race (max 2 picks/race). Selected from 24k rules on 45-day backtest; only stable rules across both halves.,14131673,Invertational,Rochelle Milnes,Will Clarken,15,15,6.0,13.0,12.0,1.0,1.0,1.0,2.2,1.0,11.0,11.0,11.0,6.0,0.0,0.0,1,2.0,9.44,84.0,12.0,1.0,4.0,5.0,bm,8.3,"R1,R5"
2026-05-12,Bathurst,3,1359331,2026-05-12T04:15:00+00:00,edge,Edge,Edge committee: a horse must pass ≥ 2 of 5 voting rules built on WPR + Late + PF rank signals. Field size ≥ 8 and combined book < 50% per race (max 2 picks/race). Selected from 24k rules on 45-day backtest; only stable rules across both halves.,14131904,Flying Giselle,A J Calder,Marc & Mitchell Conners,9,9,2.0,3.0,6.0,2.0,2.0,1.0,1.7,0.0,4.6,4.6,5.0,6.0,0.0,0.0,1,4.0,15.42,80.0,3.0,1.0,3.0,2.0,mf/bm,-4.9,"R2,R4"
2026-05-12,Taree,6,1359342,2026-05-12T05:50:00+00:00,edge,Edge,Edge committee: a horse must pass ≥ 2 of 5 voting rules built on WPR + Late + PF rank signals. Field size ≥ 8 and combined book < 50% per race (max 2 picks/race). Selected from 24k rules on 45-day backtest; only stable rules across both halves.,14132117,Think I'm Irish,Jenny Duggan,D Wagstaff,9,7,4.0,8.0,8.0,1.0,1.0,3.0,2.1,2.0,13.0,14.0,17.0,4.0,0.0,0.0,1,5.0,11.46,82.0,3.0,2.0,2.0,5.0,mf,-6.2,"R2,R4"
2026-05-11,Corowa,7,1359345,2026-05-11T06:50:00+00:00,edge,Edge,Edge committee: a horse must pass ≥ 2 of 5 voting rules built on WPR + Late + PF rank signals. Field size ≥ 8 and combined book < 50% per race (max 2 picks/race). Selected from 24k rules on 45-day backtest; only stable rules across both halves.,14132170,Macy Moon,Ella Bent,G W Egan,2,13,4.0,7.0,5.0,3.0,2.0,2.0,0.6,0.0,8.0,6.5,9.0,7.0,0.0,0.0,1,3.0,7.7,84.0,3.0,1.0,1.0,1.0,op/mf,-0.9,"R1,R2,R3,R4"
2026-05-11,Corowa,2,1359346,2026-05-11T03:45:00+00:00,edge,Edge,Edge committee: a horse must pass ≥ 2 of 5 voting rules built on WPR + Late + PF rank signals. Field size ≥ 8 and combined book < 50% per race (max 2 picks/race). Selected from 24k rules on 45-day backtest; only stable rules across both halves.,14132201,Palladium,Pierre Boudvillain,J E & C Ledger,6,2,1.0,2.0,2.0,2.0,1.0,3.0,1.0,0.0,2.25,2.35,2.35,2.0,0.0,1.0,1,2.0,4.16,80.0,4.0,1.0,1.0,1.0,mf/bm,-0.1,"R1,R3,R5"
2026-05-11,Echuca,5,1359364,2026-05-11T05:00:00+00:00,edge,Edge,Edge committee: a horse must pass ≥ 2 of 5 voting rules built on WPR + Late + PF rank signals. Field size ≥ 8 and combined book < 50% per race (max 2 picks/race). Selected from 24k rules on 45-day backtest; only stable rules across both halves.,14132428,Cash Converter,J Noonan,Carly Thomas,3,9,2.0,6.0,8.0,1.0,3.0,2.0,2.4,0.0,5.0,4.6,5.0,5.0,0.0,0.0,1,1.0,3.22,90.0,1.0,3.0,3.0,7.0,mf,0.0,"R1,R2,R3,R4,R5"
2026-05-11,Echuca,5,1359364,2026-05-11T05:00:00+00:00,edge,Edge,Edge committee: a horse must pass ≥ 2 of 5 voting rules built on WPR + Late + PF rank signals. Field size ≥ 8 and combined book < 50% per race (max 2 picks/race). Selected from 24k rules on 45-day backtest; only stable rules across both halves.,14132417,Canny Defense,Lachlan King,Raharna McDonald,10,12,6.0,11.0,1.0,2.0,1.0,3.0,-0.2,0.0,16.0,26.0,26.0,11.0,0.0,0.0,1,2.0,6.22,92.0,2.0,1.0,1.0,2.0,mf,2.4,"R1,R2,R3,R4,R5"
2026-05-12,Moe,8,1359372,2026-05-12T06:30:00+00:00,edge,Edge,Edge committee: a horse must pass ≥ 2 of 5 voting rules built on WPR + Late + PF rank signals. Field size ≥ 8 and combined book < 50% per race (max 2 picks/race). Selected from 24k rules on 45-day backtest; only stable rules across both halves.,14132917,One Brother,Ruby Lamont,M C Kent,1,10,5.0,5.0,7.0,2.0,2.0,1.0,-4.4,0.0,10.0,11.0,11.0,1.0,1.0,1.0,1,6.0,12.97,78.0,3.0,1.0,4.0,1.0,mf/bm,-29.3,"R2,R4"
2026-05-12,Moe,5,1359374,2026-05-12T05:00:00+00:00,edge,Edge,Edge committee: a horse must pass ≥ 2 of 5 voting rules built on WPR + Late + PF rank signals. Field size ≥ 8 and combined book < 50% per race (max 2 picks/race). Selected from 24k rules on 45-day backtest; only stable rules across both halves.,14132975,Bookman,Logan McNeil,D M Noonan,7,3,1.0,11.0,1.0,2.0,2.0,1.0,-8.1,3.0,3.9,4.0,4.8,2.0,0.0,1.0,1,1.0,5.12,64.0,25.0,2.0,2.0,2.0,op,-12.5,"R1,R2,R3"
2026-05-12,Moe,5,1359374,2026-05-12T05:00:00+00:00,edge,Edge,Edge committee: a horse must pass ≥ 2 of 5 voting rules built on WPR + Late + PF rank signals. Field size ≥ 8 and combined book < 50% per race (max 2 picks/race). Selected from 24k rules on 45-day backtest; only stable rules across both halves.,14132974,Lulu Darling,K Jennings,Michael Huglin,5,11,2.0,9.0,7.0,1.0,1.0,2.0,0.2,0.0,4.8,4.6,4.6,8.0,0.0,0.0,1,3.0,9.2,77.0,25.0,1.0,1.0,1.0,mf/bm,0.0,"R1,R3,R5"
2026-05-12,Moe,2,1359377,2026-05-12T03:30:00+00:00,edge,Edge,Edge committee: a horse must pass ≥ 2 of 5 voting rules built on WPR + Late + PF rank signals. Field size ≥ 8 and combined book < 50% per race (max 2 picks/race). Selected from 24k rules on 45-day backtest; only stable rules across both halves.,14133116,You Said What,Lachlan King,Claire Patterson,12,12,1.0,8.0,2.0,3.0,1.0,1.0,-0.1,0.0,3.0,3.1,3.3,3.0,0.0,1.0,1,3.0,8.19,74.0,2.0,1.0,1.0,1.0,mf/bm,0.0,"R1,R2,R3,R4,R5"
2026-05-13,Randwick,7,1359426,2026-05-13T05:45:00+00:00,edge,Edge,Edge committee: a horse must pass ≥ 2 of 5 voting rules built on WPR + Late + PF rank signals. Field size ≥ 8 and combined book < 50% per race (max 2 picks/race). Selected from 24k rules on 45-day backtest; only stable rules across both halves.,14134995,Thames,Zac Lloyd,G Portelli,4,11,4.0,5.0,7.0,1.0,1.0,2.0,3.6,0.0,5.5,7.0,9.0,1.0,1.0,1.0,1,1.0,4.36,92.0,2.0,3.0,2.0,1.0,bm,0.0,"R1,R2,R3,R4,R5"
2026-05-13,Bendigo,5,1359443,2026-05-13T04:45:00+00:00,edge,Edge,Edge committee: a horse must pass ≥ 2 of 5 voting rules built on WPR + Late + PF rank signals. Field size ≥ 8 and combined book < 50% per race (max 2 picks/race). Selected from 24k rules on 45-day backtest; only stable rules across both halves.,14135627,Pearl King,D W Stackhouse,Andrea Leek,6,4,5.0,11.0,1.0,1.0,1.0,1.0,3.0,0.0,8.5,5.5,7.5,5.0,0.0,0.0,1,4.0,7.7,80.0,3.0,3.0,3.0,7.0,bm,2.8,"R2,R4"
2026-05-13,Gawler,5,1359449,2026-05-13T05:35:00+00:00,edge,Edge,Edge committee: a horse must pass ≥ 2 of 5 voting rules built on WPR + Late + PF rank signals. Field size ≥ 8 and combined book < 50% per race (max 2 picks/race). Selected from 24k rules on 45-day backtest; only stable rules across both halves.,14135820,Aitch D'amico,D Caboche,Byron Cozamanis,3,6,5.0,12.0,1.0,2.0,1.0,1.0,-2.5,0.0,6.0,10.0,11.0,3.0,0.0,1.0,1,1.0,2.86,97.0,1.0,3.0,4.0,3.0,bm,-4.7,"R1,R2,R4,R5"
2026-05-14,Mackay,6,1359532,2026-05-14T05:10:00+00:00,edge,Edge,Edge committee: a horse must pass ≥ 2 of 5 voting rules built on WPR + Late + PF rank signals. Field size ≥ 8 and combined book < 50% per race (max 2 picks/race). Selected from 24k rules on 45-day backtest; only stable rules across both halves.,14137299,Upstart Legend,Adam Sewell,Lachie Manzelmann,9,4,3.0,5.0,6.0,3.0,3.0,2.0,4.0,2.0,3.3,3.4,4.4,1.0,1.0,1.0,1,3.0,6.86,78.0,1.0,2.0,2.0,2.0,mf,7.7,"R2,R4"
2026-05-14,Mackay,7,1359533,2026-05-14T05:45:00+00:00,edge,Edge,Edge committee: a horse must pass ≥ 2 of 5 voting rules built on WPR + Late + PF rank signals. Field size ≥ 8 and combined book < 50% per race (max 2 picks/race). Selected from 24k rules on 45-day backtest; only stable rules across both halves.,14137308,Bold Change,R Wiggins,G K Taylor,2,3,1.0,2.0,5.0,2.0,1.0,2.0,-0.2,1.0,1.9,1.85,1.9,3.0,0.0,1.0,1,1.0,4.24,64.0,9.0,3.0,7.0,7.0,bm,0.0,"R1,R5"
2026-05-14,Mackay,8,1359539,2026-05-14T06:23:00+00:00,edge,Edge,Edge committee: a horse must pass ≥ 2 of 5 voting rules built on WPR + Late + PF rank signals. Field size ≥ 8 and combined book < 50% per race (max 2 picks/race). Selected from 24k rules on 45-day backtest; only stable rules across both halves.,14137360,Neverenoughlego,Emma Simsir,G K Taylor,1,5,1.0,2.0,6.0,1.0,1.0,1.0,-0.2,2.0,1.25,1.28,1.35,1.0,1.0,1.0,1,1.0,4.51,94.0,2.0,1.0,1.0,6.0,op,-5.8,"R1,R2,R3,R4,R5"
2026-05-13,Pinjarra,5,1359600,2026-05-13T06:52:00+00:00,edge,Edge,Edge committee: a horse must pass ≥ 2 of 5 voting rules built on WPR + Late + PF rank signals. Field size ≥ 8 and combined book < 50% per race (max 2 picks/race). Selected from 24k rules on 45-day backtest; only stable rules across both halves.,14138271,Arizona Sky,W Pike,G & A Williams,6,15,1.0,9.0,10.0,2.0,3.0,1.0,1.0,0.0,2.1,1.85,2.05,1.0,1.0,1.0,1,1.0,2.78,99.0,1.0,2.0,4.0,7.0,bm,0.0,"R1,R2,R4"
2026-05-13,Randwick,4,1359663,2026-05-13T04:00:00+00:00,edge,Edge,Edge committee: a horse must pass ≥ 2 of 5 voting rules built on WPR + Late + PF rank signals. Field size ≥ 8 and combined book < 50% per race (max 2 picks/race). Selected from 24k rules on 45-day backtest; only stable rules across both halves.,14140711,Totoka,William Stanley,P M Perry,7,9,7.0,7.0,7.0,1.0,1.0,3.0,-4.9,0.0,19.0,26.0,31.0,6.0,0.0,0.0,1,3.0,8.42,60.0,7.0,1.0,5.0,25.0,bm,-10.2,"R1,R5"
2026-05-15,Albury,3,1359675,2026-05-15T03:15:00+00:00,edge,Edge,Edge committee: a horse must pass ≥ 2 of 5 voting rules built on WPR + Late + PF rank signals. Field size ≥ 8 and combined book < 50% per race (max 2 picks/race). Selected from 24k rules on 45-day backtest; only stable rules across both halves.,14140877,Spanish Night,Billy Owen,Todd Smart,3,3,5.0,7.0,1.0,2.0,3.0,3.0,0.8,0.0,16.0,14.0,16.0,4.0,0.0,0.0,1,1.0,3.1,100.0,1.0,1.0,9.0,25.0,mf/bm,-6.6,"R1,R2,R4,R5"
2026-05-15,Albury,6,1359681,2026-05-15T05:10:00+00:00,edge,Edge,Edge committee: a horse must pass ≥ 2 of 5 voting rules built on WPR + Late + PF rank signals. Field size ≥ 8 and combined book < 50% per race (max 2 picks/race). Selected from 24k rules on 45-day backtest; only stable rules across both halves.,14140988,Doc March,Ella Bent,G J Colvin,3,5,1.0,5.0,7.0,3.0,5.0,1.0,-1.4,2.0,4.8,5.5,6.5,6.0,0.0,0.0,1,2.0,6.22,76.0,6.0,2.0,3.0,3.0,mf/bm,-5.9,"R1,R3"
2026-05-16,Scone,4,1359690,2026-05-16T02:50:00+00:00,edge,Edge,Edge committee: a horse must pass ≥ 2 of 5 voting rules built on WPR + Late + PF rank signals. Field size ≥ 8 and combined book < 50% per race (max 2 picks/race). Selected from 24k rules on 45-day backtest; only stable rules across both halves.,14141262,Nitro,Tom Sherry,Peter Snowden,11,12,1.0,11.0,1.0,1.0,1.0,3.0,-1.2,1.0,3.1,3.1,3.2,2.0,0.0,1.0,1,3.0,12.08,89.0,8.0,1.0,1.0,1.0,bm,-0.1,"R1,R3,R5"
2026-05-16,Kembla Grange,6,1359718,2026-05-16T04:55:00+00:00,edge,Edge,Edge committee: a horse must pass ≥ 2 of 5 voting rules built on WPR + Late + PF rank signals. Field size ≥ 8 and combined book < 50% per race (max 2 picks/race). Selected from 24k rules on 45-day backtest; only stable rules across both halves.,14141751,Opal Fields,Liberty Smyth,Sara Ryan,5,7,1.0,9.0,3.0,2.0,2.0,1.0,2.8,1.0,4.4,4.2,5.5,6.0,0.0,0.0,1,1.0,2.97,91.0,2.0,1.0,1.0,1.0,mf/bm,2.9,"R1,R2,R3,R4,R5"
2026-05-16,Toowoomba,6,1359724,2026-05-16T09:48:00+00:00,edge,Edge,Edge committee: a horse must pass ≥ 2 of 5 voting rules built on WPR + Late + PF rank signals. Field size ≥ 8 and combined book < 50% per race (max 2 picks/race). Selected from 24k rules on 45-day backtest; only stable rules across both halves.,14141891,Kilonova,Bailey Wheeler,Billy Healey,2,3,2.0,1.0,8.0,3.0,3.0,1.0,0.5,0.0,2.9,2.8,3.0,2.0,0.0,1.0,1,1.0,2.8,96.0,1.0,3.0,2.0,8.0,op,-8.3,"R1,R2,R3,R4"
2026-05-16,Toowoomba,6,1359724,2026-05-16T09:48:00+00:00,edge,Edge,Edge committee: a horse must pass ≥ 2 of 5 voting rules built on WPR + Late + PF rank signals. Field size ≥ 8 and combined book < 50% per race (max 2 picks/race). Selected from 24k rules on 45-day backtest; only stable rules across both halves.,14141897,Sky Blue,K Lenton,Nick Keal,6,13,3.0,5.0,6.0,1.0,2.0,3.0,0.1,1.0,7.5,7.5,8.5,6.0,0.0,0.0,1,4.0,12.18,74.0,3.0,2.0,1.0,1.0,op/mf,0.0,"R2,R4"
2026-05-17,Devonport,8,1359800,2026-05-17T06:28:00+00:00,edge,Edge,Edge committee: a horse must pass ≥ 2 of 5 voting rules built on WPR + Late + PF rank signals. Field size ≥ 8 and combined book < 50% per race (max 2 picks/race). Selected from 24k rules on 45-day backtest; only stable rules across both halves.,14143637,Skelmorlie,Jabez Johnstone,Adam Trinder,4,9,2.0,6.0,3.0,1.0,1.0,1.0,0.4,1.0,9.0,9.0,9.0,7.0,0.0,0.0,1,2.0,6.67,86.0,3.0,1.0,2.0,3.0,mf/bm,2.3,"R1,R2,R3,R4,R5"
2026-05-17,Devonport,5,1359804,2026-05-17T04:25:00+00:00,edge,Edge,Edge committee: a horse must pass ≥ 2 of 5 voting rules built on WPR + Late + PF rank signals. Field size ≥ 8 and combined book < 50% per race (max 2 picks/race). Selected from 24k rules on 45-day backtest; only stable rules across both halves.,14143697,Roundle Park,Codi Jordan,Adam Trinder,5,8,1.0,3.0,8.0,2.0,4.0,1.0,2.9,0.0,2.15,2.15,3.4,3.0,0.0,1.0,1,1.0,4.1,86.0,3.0,3.0,3.0,10.0,op,-10.3,"R1,R2,R3,R4"
2026-05-16,Wodonga,2,1359811,2026-05-16T03:21:00+00:00,edge,Edge,Edge committee: a horse must pass ≥ 2 of 5 voting rules built on WPR + Late + PF rank signals. Field size ≥ 8 and combined book < 50% per race (max 2 picks/race). Selected from 24k rules on 45-day backtest; only stable rules across both halves.,14143968,Triumvirate,W Gordon,"Ben, Will & Jd Hayes",4,2,1.0,4.0,5.0,3.0,4.0,1.0,1.2,0.0,1.85,1.85,1.85,2.0,0.0,1.0,1,1.0,2.87,89.0,1.0,3.0,4.0,3.0,mf,-0.2,"R1,R2,R4"
2026-05-16,Morphettville,3,1359820,2026-05-16T03:17:00+00:00,edge,Edge,Edge committee: a horse must pass ≥ 2 of 5 voting rules built on WPR + Late + PF rank signals. Field size ≥ 8 and combined book < 50% per race (max 2 picks/race). Selected from 24k rules on 45-day backtest; only stable rules across both halves.,14147866,Phineas,J Holder,Chris Bieg,6,12,2.0,11.0,2.0,1.0,2.0,3.0,-3.6,2.0,3.6,3.7,4.2,1.0,1.0,1.0,1,1.0,4.77,77.0,3.0,1.0,2.0,1.0,mf/bm,-7.3,"R1,R2,R3,R4,R5"
2026-05-16,Morphettville,9,1359821,2026-05-16T06:58:00+00:00,edge,Edge,Edge committee: a horse must pass ≥ 2 of 5 voting rules built on WPR + Late + PF rank signals. Field size ≥ 8 and combined book < 50% per race (max 2 picks/race). Selected from 24k rules on 45-day backtest; only stable rules across both halves.,14144433,Invertational,Rochelle Milnes,Will Clarken,6,3,1.0,11.0,13.0,1.0,3.0,2.0,-0.4,1.0,5.0,4.8,4.8,1.0,1.0,1.0,1,1.0,5.27,99.0,2.0,1.0,1.0,1.0,bm,-2.9,"R1,R2,R3,R4,R5"
2026-05-16,Morphettville,7,1359823,2026-05-16T05:42:00+00:00,edge,Edge,Edge committee: a horse must pass ≥ 2 of 5 voting rules built on WPR + Late + PF rank signals. Field size ≥ 8 and combined book < 50% per race (max 2 picks/race). Selected from 24k rules on 45-day backtest; only stable rules across both halves.,14144487,Enuff Seduction,Caitlin Tootell,Shayne & Chelsea Cahill,3,8,1.0,7.0,10.0,1.0,3.0,2.0,-4.4,3.0,4.6,4.6,4.6,5.0,0.0,0.0,1,4.0,7.69,85.0,1.0,2.0,2.0,2.0,mf/bm,-12.1,"R2,R4"
2026-05-16,Morphettville,4,1359824,2026-05-16T03:52:00+00:00,edge,Edge,Edge committee: a horse must pass ≥ 2 of 5 voting rules built on WPR + Late + PF rank signals. Field size ≥ 8 and combined book < 50% per race (max 2 picks/race). Selected from 24k rules on 45-day backtest; only stable rules across both halves.,14144505,Sparkling Luck,Campbell Rawiller,Lloyd Kennewell,2,5,1.0,6.0,4.0,3.0,1.0,2.0,2.1,1.0,3.2,3.2,3.4,1.0,1.0,1.0,1,3.0,8.61,83.0,5.0,1.0,3.0,4.0,mf,2.1,"R1,R2,R5"
2026-05-16,Morphettville,1,1359828,2026-05-16T02:08:00+00:00,edge,Edge,Edge committee: a horse must pass ≥ 2 of 5 voting rules built on WPR + Late + PF rank signals. Field size ≥ 8 and combined book < 50% per race (max 2 picks/race). Selected from 24k rules on 45-day backtest; only stable rules across both halves.,14144587,Joviale,Rochelle Milnes,S G Padman,6,8,2.0,9.0,3.0,1.0,3.0,2.0,-2.9,0.0,4.0,4.0,4.0,2.0,0.0,1.0,1,2.0,5.46,86.0,1.0,2.0,1.0,2.0,mf,-2.9,"R1,R2,R3,R4"
2026-05-15,Albany,2,1359841,2026-05-15T05:05:00+00:00,edge,Edge,Edge committee: a horse must pass ≥ 2 of 5 voting rules built on WPR + Late + PF rank signals. Field size ≥ 8 and combined book < 50% per race (max 2 picks/race). Selected from 24k rules on 45-day backtest; only stable rules across both halves.,14145137,Belle Belle,Amy Jo Hayes,Roy Rogers,5,7,5.0,3.0,7.0,3.0,3.0,1.0,0.9,0.0,10.0,10.0,10.0,6.0,0.0,0.0,1,1.0,3.45,88.0,3.0,4.0,2.0,25.0,mf,0.0,"R2,R3"
2026-05-18,Port Macquarie,1,1359941,2026-05-18T01:40:00+00:00,edge,Edge,Edge committee: a horse must pass ≥ 2 of 5 voting rules built on WPR + Late + PF rank signals. Field size ≥ 8 and combined book < 50% per race (max 2 picks/race). Selected from 24k rules on 45-day backtest; only stable rules across both halves.,14147181,Apparently,Liberty Smyth,Nikki Pollock,8,1,3.0,7.0,2.0,3.0,2.0,2.0,-1.4,0.0,4.2,4.4,5.0,8.0,0.0,0.0,1,1.0,3.57,96.0,1.0,4.0,2.0,5.0,op/mf,-4.8,"R2,R3"
2026-05-17,Casterton,6,1360031,2026-05-17T05:50:00+00:00,edge,Edge,Edge committee: a horse must pass ≥ 2 of 5 voting rules built on WPR + Late + PF rank signals. Field size ≥ 8 and combined book < 50% per race (max 2 picks/race). Selected from 24k rules on 45-day backtest; only stable rules across both halves.,14149577,Southern Crescent,Melissa Julius,Aaron Purcell,6,5,1.0,9.0,6.0,2.0,2.0,1.0,-2.4,3.0,3.4,3.6,3.9,1.0,1.0,1.0,1,1.0,3.35,96.0,1.0,1.0,2.0,2.0,mf,-6.1,"R1,R2,R3,R4,R5"
2026-05-17,Casterton,7,1360032,2026-05-17T06:20:00+00:00,edge,Edge,Edge committee: a horse must pass ≥ 2 of 5 voting rules built on WPR + Late + PF rank signals. Field size ≥ 8 and combined book < 50% per race (max 2 picks/race). Selected from 24k rules on 45-day backtest; only stable rules across both halves.,14149602,Inherently,Jack Hill,P W McKenna,3,4,1.0,7.0,2.0,1.0,2.0,1.0,1.5,1.0,2.5,2.5,3.0,1.0,1.0,1.0,1,2.0,4.01,82.0,2.0,2.0,5.0,2.0,mf/bm,-2.7,"R1,R2,R4"
2026-05-17,Strathalbyn,1,1360048,2026-05-17T02:20:00+00:00,edge,Edge,Edge committee: a horse must pass ≥ 2 of 5 voting rules built on WPR + Late + PF rank signals. Field size ≥ 8 and combined book < 50% per race (max 2 picks/race). Selected from 24k rules on 45-day backtest; only stable rules across both halves.,14150101,Blabber Mouth,Rochelle Milnes,R & C Jolly,6,6,1.0,5.0,2.0,3.0,1.0,1.0,1.1,0.0,1.9,1.8,1.8,2.0,0.0,1.0,1,3.0,6.16,75.0,2.0,1.0,1.0,3.0,bm,0.0,"R1,R2,R3,R4,R5"
2026-05-16,Doomben,2,1360073,2026-05-16T02:23:00+00:00,edge,Edge,Edge committee: a horse must pass ≥ 2 of 5 voting rules built on WPR + Late + PF rank signals. Field size ≥ 8 and combined book < 50% per race (max 2 picks/race). Selected from 24k rules on 45-day backtest; only stable rules across both halves.,14150945,Eclair Awesome,Ben Thompson,Jack Bruce,12,21,4.0,14.0,9.0,1.0,2.0,1.0,3.4,2.0,10.0,10.0,12.0,11.0,0.0,0.0,1,1.0,5.52,97.0,3.0,2.0,8.0,9.0,mf,5.1,"R1,R2,R4,R5"
2026-05-16,Belmont Park,5,1360078,2026-05-16T06:33:00+00:00,edge,Edge,Edge committee: a horse must pass ≥ 2 of 5 voting rules built on WPR + Late + PF rank signals. Field size ≥ 8 and combined book < 50% per race (max 2 picks/race). Selected from 24k rules on 45-day backtest; only stable rules across both halves.,14151015,Like Clockwork,Cassey Martinan,Michael Grantham,3,10,2.0,4.0,8.0,2.0,1.0,3.0,-1.0,0.0,5.0,5.0,5.5,7.0,0.0,0.0,1,3.0,8.59,50.0,9.0,1.0,1.0,1.0,bm,8.2,"R1,R3,R5"
2026-05-16,Belmont Park,3,1360084,2026-05-16T05:15:00+00:00,edge,Edge,Edge committee: a horse must pass ≥ 2 of 5 voting rules built on WPR + Late + PF rank signals. Field size ≥ 8 and combined book < 50% per race (max 2 picks/race). Selected from 24k rules on 45-day backtest; only stable rules across both halves.,14151112,Acorn,W Pike,A G Durrant,2,2,1.0,1.0,5.0,3.0,3.0,1.0,0.0,0.0,2.5,2.7,2.8,5.0,0.0,0.0,1,2.0,4.77,84.0,3.0,4.0,1.0,5.0,op/mf,0.0,"R2,R3"
2026-05-16,Carnarvon,2,1360090,2026-05-16T06:45:00+00:00,edge,Edge,Edge committee: a horse must pass ≥ 2 of 5 voting rules built on WPR + Late + PF rank signals. Field size ≥ 8 and combined book < 50% per race (max 2 picks/race). Selected from 24k rules on 45-day backtest; only stable rules across both halves.,14151190,Mars Mission,Brayden Gaerth,Aaron Pateman,5,5,4.0,6.0,7.0,1.0,1.0,3.0,1.4,0.0,10.0,9.5,9.5,3.0,0.0,1.0,1,3.0,7.61,55.0,6.0,2.0,2.0,4.0,bm,8.9,"R1,R3,R5"
2026-05-17,Kalgoorlie,3,1360092,2026-05-17T06:50:00+00:00,edge,Edge,Edge committee: a horse must pass ≥ 2 of 5 voting rules built on WPR + Late + PF rank signals. Field size ≥ 8 and combined book < 50% per race (max 2 picks/race). Selected from 24k rules on 45-day backtest; only stable rules across both halves.,14151215,Door Buster,Holly Nottle,P J Fernie,6,4,1.0,1.0,8.0,3.0,3.0,3.0,3.5,1.0,2.15,2.1,2.25,1.0,1.0,1.0,1,1.0,2.79,100.0,1.0,1.0,1.0,1.0,op/mf,-4.1,"R1,R2,R3,R4,R5"
2026-05-17,Kalgoorlie,5,1360094,2026-05-17T07:55:00+00:00,edge,Edge,Edge committee: a horse must pass ≥ 2 of 5 voting rules built on WPR + Late + PF rank signals. Field size ≥ 8 and combined book < 50% per race (max 2 picks/race). Selected from 24k rules on 45-day backtest; only stable rules across both halves.,14151238,Prawns Eleven,Rocky Cheung,Brock Lewthwaite,1,7,2.0,7.0,8.0,1.0,1.0,2.0,4.9,2.0,3.5,3.7,3.7,2.0,0.0,1.0,1,1.0,2.07,91.0,2.0,2.0,3.0,3.0,mf,0.0,"R1,R2,R3,R4,R5"
2026-05-16,Doomben,8,1360139,2026-05-16T06:02:00+00:00,edge,Edge,Edge committee: a horse must pass ≥ 2 of 5 voting rules built on WPR + Late + PF rank signals. Field size ≥ 8 and combined book < 50% per race (max 2 picks/race). Selected from 24k rules on 45-day backtest; only stable rules across both halves.,14152032,Jimmysstar,Ethan Brown,C Maher,1,11,1.0,13.0,2.0,3.0,2.0,1.0,0.4,1.0,2.6,2.25,2.9,4.0,0.0,0.0,1,1.0,6.96,93.0,4.0,1.0,1.0,3.0,mf/bm,-3.3,"R1,R3,R5"
2026-05-19,Newcastle,3,1360152,2026-05-19T03:50:00+00:00,edge,Edge,Edge committee: a horse must pass ≥ 2 of 5 voting rules built on WPR + Late + PF rank signals. Field size ≥ 8 and combined book < 50% per race (max 2 picks/race). Selected from 24k rules on 45-day backtest; only stable rules across both halves.,14152257,Clanwilliam,Zac Lloyd,David Payne,1,6,1.0,9.0,8.0,1.0,4.0,3.0,-1.6,0.0,1.95,1.95,2.1,3.0,0.0,1.0,1,1.0,3.58,97.0,1.0,3.0,2.0,2.0,mf/bm,-7.5,"R1,R2,R3,R4"
2026-05-18,Stawell,2,1360162,2026-05-18T03:00:00+00:00,edge,Edge,Edge committee: a horse must pass ≥ 2 of 5 voting rules built on WPR + Late + PF rank signals. Field size ≥ 8 and combined book < 50% per race (max 2 picks/race). Selected from 24k rules on 45-day backtest; only stable rules across both halves.,14152557,Menzies Creek,John Allen,Maddie Raymond & Patrick Bell,6,2,1.0,5.0,7.0,1.0,1.0,1.0,1.8,0.0,1.9,1.9,1.95,2.0,0.0,1.0,1,1.0,4.11,93.0,2.0,2.0,2.0,3.0,mf,-4.6,"R1,R2,R3,R4,R5"
2026-05-18,Port Macquarie,4,1360208,2026-05-18T03:20:00+00:00,edge,Edge,Edge committee: a horse must pass ≥ 2 of 5 voting rules built on WPR + Late + PF rank signals. Field size ≥ 8 and combined book < 50% per race (max 2 picks/race). Selected from 24k rules on 45-day backtest; only stable rules across both halves.,14154314,Quick Buck,M Bennett,Grant Jobson,6,9,6.0,4.0,5.0,2.0,2.0,3.0,0.4,0.0,34.0,31.0,31.0,5.0,0.0,0.0,1,7.0,12.57,66.0,3.0,1.0,25.0,3.0,op,-4.2,"R2,R4"
2026-05-20,Warwick Farm,1,1360214,2026-05-20T02:50:00+00:00,edge,Edge,Edge committee: a horse must pass ≥ 2 of 5 voting rules built on WPR + Late + PF rank signals. Field size ≥ 8 and combined book < 50% per race (max 2 picks/race). Selected from 24k rules on 45-day backtest; only stable rules across both halves.,14154458,Olympian,J B Mc Donald,P Messara & L Gavranich,2,10,1.0,7.0,1.0,3.0,1.0,2.0,4.8,0.0,2.2,2.3,2.3,5.0,0.0,0.0,1,1.0,3.4,100.0,1.0,1.0,1.0,1.0,bm,6.6,"R1,R2,R3,R4,R5"
2026-05-20,Ipswich,6,1360228,2026-05-20T05:28:00+00:00,edge,Edge,Edge committee: a horse must pass ≥ 2 of 5 voting rules built on WPR + Late + PF rank signals. Field size ≥ 8 and combined book < 50% per race (max 2 picks/race). Selected from 24k rules on 45-day backtest; only stable rules across both halves.,14154717,Thunder Award,Cejay Graham,W P Nugent,7,10,,13.0,12.0,1.0,1.0,1.0,-1.5,1.0,,,,,,,0,1.0,6.34,91.0,3.0,1.0,1.0,3.0,bm,-4.1,"R1,R2,R3,R4,R5"
2026-05-20,Balaklava,6,1360236,2026-05-20T05:35:00+00:00,edge,Edge,Edge committee: a horse must pass ≥ 2 of 5 voting rules built on WPR + Late + PF rank signals. Field size ≥ 8 and combined book < 50% per race (max 2 picks/race). Selected from 24k rules on 45-day backtest; only stable rules across both halves.,14154949,Harsh,Harry Grace,R & C Jolly,7,7,1.0,6.0,8.0,3.0,5.0,1.0,-0.1,0.0,2.1,2.1,2.2,2.0,0.0,1.0,1,4.0,7.89,77.0,1.0,3.0,3.0,5.0,mf,-9.5,"R2,R4"
2026-05-19,Horsham,6,1360256,2026-05-19T06:00:00+00:00,edge,Edge,Edge committee: a horse must pass ≥ 2 of 5 voting rules built on WPR + Late + PF rank signals. Field size ≥ 8 and combined book < 50% per race (max 2 picks/race). Selected from 24k rules on 45-day backtest; only stable rules across both halves.,14156189,Olivia's Scandal,Chelsea Taylor,Jordy Coffey,3,3,1.0,4.0,8.0,2.0,2.0,1.0,4.2,3.0,3.9,3.9,3.9,1.0,1.0,1.0,1,1.0,3.93,84.0,3.0,3.0,4.0,1.0,mf,0.4,"R1,R2,R4"
2026-05-21,Hawkesbury,7,1360847,2026-05-21T05:55:00+00:00,edge,Edge,Edge committee: a horse must pass ≥ 2 of 5 voting rules built on WPR + Late + PF rank signals. Field size ≥ 8 and combined book < 50% per race (max 2 picks/race). Selected from 24k rules on 45-day backtest; only stable rules across both halves.,14157577,Grandini,Reece Jones,R P Northam,11,9,5.0,6.0,4.0,1.0,1.0,2.0,1.2,1.0,7.5,,,,,,0,3.0,8.38,87.0,3.0,1.0,1.0,2.0,bm,0.0,"R1,R2,R3,R4,R5"
2026-05-21,Hawkesbury,5,1360850,2026-05-21T04:40:00+00:00,edge,Edge,Edge committee: a horse must pass ≥ 2 of 5 voting rules built on WPR + Late + PF rank signals. Field size ≥ 8 and combined book < 50% per race (max 2 picks/race). Selected from 24k rules on 45-day backtest; only stable rules across both halves.,14157637,Above The Law,Dylan Gibbons,Mitchell Beer & George Carpenter,1,2,1.0,6.0,4.0,3.0,5.0,1.0,0.9,1.0,1.7,,,,,,0,2.0,4.32,76.0,3.0,5.0,1.0,1.0,op,6.6,"R2,R3"
2026-05-21,Hawkesbury,4,1360853,2026-05-21T04:05:00+00:00,edge,Edge,Edge committee: a horse must pass ≥ 2 of 5 voting rules built on WPR + Late + PF rank signals. Field size ≥ 8 and combined book < 50% per race (max 2 picks/race). Selected from 24k rules on 45-day backtest; only stable rules across both halves.,14157678,Aurora Effect,J Ford,Edward Cummings,3,6,2.0,3.0,8.0,2.0,4.0,3.0,1.5,0.0,3.6,,,,,,0,3.0,6.85,72.0,2.0,1.0,1.0,25.0,mf,0.0,"R1,R2,R3,R4"
2026-05-20,Belmont Park,5,1361313,2026-05-20T07:28:00+00:00,edge,Edge,Edge committee: a horse must pass ≥ 2 of 5 voting rules built on WPR + Late + PF rank signals. Field size ≥ 8 and combined book < 50% per race (max 2 picks/race). Selected from 24k rules on 45-day backtest; only stable rules across both halves.,14158316,Miss Defies Me,B Parnham,D & B Pearce,8,13,3.0,3.0,2.0,3.0,1.0,3.0,,1.0,9.5,9.5,9.5,6.0,0.0,0.0,1,3.0,7.65,70.0,6.0,1.0,1.0,1.0,mf,1.1,"R1,R3,R5"
2026-05-20,Belmont Park,4,1361315,2026-05-20T06:52:00+00:00,edge,Edge,Edge committee: a horse must pass ≥ 2 of 5 voting rules built on WPR + Late + PF rank signals. Field size ≥ 8 and combined book < 50% per race (max 2 picks/race). Selected from 24k rules on 45-day backtest; only stable rules across both halves.,14158350,Overdrive,Chris Parnham,N D Parnham,2,5,2.0,7.0,3.0,1.0,3.0,2.0,-3.2,1.0,2.6,2.6,3.0,2.0,0.0,1.0,1,2.0,3.79,82.0,3.0,3.0,4.0,2.0,mf,-7.9,"R1,R2,R4"
2026-05-22,Canberra,3,1395883,2026-05-22T03:41:00+00:00,edge,Edge,Edge committee: a horse must pass ≥ 2 of 5 voting rules built on WPR + Late + PF rank signals. Field size ≥ 8 and combined book < 50% per race (max 2 picks/race). Selected from 24k rules on 45-day backtest; only stable rules across both halves.,14168520,Jalmari,,G Backhouse,5,4,7.0,6.0,4.0,1.0,2.0,3.0,2.1,0.0,19.0,,,,,,0,3.0,7.52,60.0,7.0,1.0,4.0,25.0,mf,1.3,"R1,R5"
2026-05-22,Canberra,2,1395886,2026-05-22T03:06:00+00:00,edge,Edge,Edge committee: a horse must pass ≥ 2 of 5 voting rules built on WPR + Late + PF rank signals. Field size ≥ 8 and combined book < 50% per race (max 2 picks/race). Selected from 24k rules on 45-day backtest; only stable rules across both halves.,14168561,Reel Crystal,C Keatings,N J Olive,2,7,1.0,4.0,4.0,3.0,2.0,2.0,-4.5,1.0,2.1,,,,,,0,1.0,2.94,90.0,2.0,1.0,1.0,1.0,bm,-22.9,"R1,R2,R3,R4,R5"
2026-05-22,Gold Coast,6,1395937,2026-05-22T10:00:00+00:00,edge,Edge,Edge committee: a horse must pass ≥ 2 of 5 voting rules built on WPR + Late + PF rank signals. Field size ≥ 8 and combined book < 50% per race (max 2 picks/race). Selected from 24k rules on 45-day backtest; only stable rules across both halves.,14168880,Natural Fling,Jamie Melham,T & C McEvoy,8,11,2.0,1.0,11.0,3.0,1.0,2.0,,1.0,2.8,,,,,,0,1.0,2.83,99.0,1.0,2.0,2.0,3.0,l,-12.2,"R1,R2,R3,R4,R5"
2026-05-21,Seymour,6,1396855,2026-05-21T05:30:00+00:00,edge,Edge,Edge committee: a horse must pass ≥ 2 of 5 voting rules built on WPR + Late + PF rank signals. Field size ≥ 8 and combined book < 50% per race (max 2 picks/race). Selected from 24k rules on 45-day backtest; only stable rules across both halves.,14170930,Cavern,L Currie,"Ben, Will & Jd Hayes",3,12,3.0,10.0,3.0,1.0,1.0,3.0,-1.3,1.0,4.6,,,,,,0,2.0,5.67,91.0,2.0,3.0,2.0,1.0,op,-5.7,"R1,R2,R3,R4,R5"
2026-05-23,Murray Bridge GH,1,1396893,2026-05-23T02:02:00+00:00,edge,Edge,Edge committee: a horse must pass ≥ 2 of 5 voting rules built on WPR + Late + PF rank signals. Field size ≥ 8 and combined book < 50% per race (max 2 picks/race). Selected from 24k rules on 45-day backtest; only stable rules across both halves.,14171158,Burning Bright,T Johnstone,A J Gluyas,3,5,1.0,3.0,3.0,3.0,5.0,1.0,-1.5,0.0,3.8,,,,,,0,1.0,3.47,98.0,1.0,2.0,2.0,6.0,op,-11.1,"R1,R2,R3,R4"
2026-05-22,Mt Gambier,8,1396934,2026-05-22T06:10:00+00:00,edge,Edge,Edge committee: a horse must pass ≥ 2 of 5 voting rules built on WPR + Late + PF rank signals. Field size ≥ 8 and combined book < 50% per race (max 2 picks/race). Selected from 24k rules on 45-day backtest; only stable rules across both halves.,14171339,Astradeel,Rochelle Milnes,Adam Chambers,4,7,,4.0,7.0,2.0,2.0,2.0,-1.8,0.0,,,,,,,0,4.0,7.88,89.0,3.0,1.0,3.0,2.0,bm,-11.5,"R2,R4"
2026-05-22,Mt Gambier,4,1396936,2026-05-22T03:45:00+00:00,edge,Edge,Edge committee: a horse must pass ≥ 2 of 5 voting rules built on WPR + Late + PF rank signals. Field size ≥ 8 and combined book < 50% per race (max 2 picks/race). Selected from 24k rules on 45-day backtest; only stable rules across both halves.,14171384,The Narrator,Jack Hill,Shane Jackson,3,1,,5.0,1.0,3.0,2.0,1.0,-0.5,0.0,,,,,,,0,1.0,3.27,95.0,1.0,1.0,1.0,1.0,mf,-3.9,"R1,R2,R3,R4,R5"
2026-05-22,Mt Gambier,7,1396938,2026-05-22T05:30:00+00:00,edge,Edge,Edge committee: a horse must pass ≥ 2 of 5 voting rules built on WPR + Late + PF rank signals. Field size ≥ 8 and combined book < 50% per race (max 2 picks/race). Selected from 24k rules on 45-day backtest; only stable rules across both halves.,14171427,Naralinga,Kayla Crowther,D I Dodson,2,14,,13.0,8.0,1.0,5.0,2.0,0.6,0.0,,,,,,,0,1.0,4.6,93.0,1.0,2.0,1.0,1.0,mf/bm,2.7,"R1,R2,R3,R4"
2026-05-22,Pakenham,1,1396987,2026-05-22T06:45:00+00:00,edge,Edge,Edge committee: a horse must pass ≥ 2 of 5 voting rules built on WPR + Late + PF rank signals. Field size ≥ 8 and combined book < 50% per race (max 2 picks/race). Selected from 24k rules on 45-day backtest; only stable rules across both halves.,14171575,Jenni Poppins,Beau Mertens,Lloyd Kennewell,3,1,2.0,3.0,8.0,3.0,5.0,2.0,,0.0,3.1,,,,,,0,1.0,3.1,96.0,1.0,3.0,2.0,25.0,bm,-2.5,"R1,R2,R3,R4"
2026-05-22,Geelong,2,1397006,2026-05-22T02:55:00+00:00,edge,Edge,Edge committee: a horse must pass ≥ 2 of 5 voting rules built on WPR + Late + PF rank signals. Field size ≥ 8 and combined book < 50% per race (max 2 picks/race). Selected from 24k rules on 45-day backtest; only stable rules across both halves.,14172000,Magnus Maximus,Jye McNeil,Craig Weeding,7,11,,6.0,5.0,3.0,2.0,1.0,,0.0,,,,,,,0,1.0,4.11,100.0,1.0,1.0,1.0,1.0,mf,4.6,"R1,R2,R3,R4,R5"
2026-05-23,Sandown,6,1397110,2026-05-23T04:45:00+00:00,edge,Edge,Edge committee: a horse must pass ≥ 2 of 5 voting rules built on WPR + Late + PF rank signals. Field size ≥ 8 and combined book < 50% per race (max 2 picks/race). Selected from 24k rules on 45-day backtest; only stable rules across both halves.,14172630,Berlemont,L Currie,M C Kent,10,11,3.0,16.0,2.0,3.0,3.0,1.0,1.3,0.0,9.0,,,,,,0,2.0,7.91,90.0,3.0,2.0,2.0,2.0,mf/bm,15.0,"R1,R2,R3,R4"
2026-05-23,Sandown,3,1397111,2026-05-23T03:00:00+00:00,edge,Edge,Edge committee: a horse must pass ≥ 2 of 5 voting rules built on WPR + Late + PF rank signals. Field size ≥ 8 and combined book < 50% per race (max 2 picks/race). Selected from 24k rules on 45-day backtest; only stable rules across both halves.,14172647,The Volta,Ryan Houston,J F Moloney,6,6,1.0,4.0,14.0,2.0,1.0,2.0,-3.4,0.0,4.6,,,,,,0,2.0,5.87,86.0,1.0,1.0,5.0,2.0,mf/bm,-11.8,"R1,R2,R4,R5"
2026-05-23,Sandown,4,1397117,2026-05-23T03:35:00+00:00,edge,Edge,Edge committee: a horse must pass ≥ 2 of 5 voting rules built on WPR + Late + PF rank signals. Field size ≥ 8 and combined book < 50% per race (max 2 picks/race). Selected from 24k rules on 45-day backtest; only stable rules across both halves.,14172842,Shockletz,Logan Bates,C Maher,7,2,1.0,4.0,5.0,1.0,2.0,1.0,-3.1,0.0,2.8,,,,,,0,3.0,6.94,89.0,2.0,2.0,2.0,5.0,mf/bm,13.6,"R1,R2,R3,R4"
2026-05-21,Ipswich,5,1398984,2026-05-21T04:25:00+00:00,edge,Edge,Edge committee: a horse must pass ≥ 2 of 5 voting rules built on WPR + Late + PF rank signals. Field size ≥ 8 and combined book < 50% per race (max 2 picks/race). Selected from 24k rules on 45-day backtest; only stable rules across both halves.,14174407,Motivating,D Moor,Chris Anderson,4,3,3.0,7.0,2.0,1.0,2.0,2.0,-0.5,0.0,8.0,,,,,,0,1.0,3.85,91.0,1.0,3.0,3.0,25.0,bm,-8.7,"R1,R2,R3,R4,R5"
2026-05-23,Belmont Park,9,1411799,2026-05-23T08:55:00+00:00,edge,Edge,Edge committee: a horse must pass ≥ 2 of 5 voting rules built on WPR + Late + PF rank signals. Field size ≥ 8 and combined book < 50% per race (max 2 picks/race). Selected from 24k rules on 45-day backtest; only stable rules across both halves.,14179445,Precious God,Brandon Louis,P Wagg,15,1,,8.0,11.0,1.0,1.0,2.0,0.9,2.0,,,,,,,0,4.0,11.53,75.0,3.0,3.0,2.0,3.0,bm,-9.3,"R2,R4"
2026-05-23,Broome,5,1411805,2026-05-23T08:10:00+00:00,edge,Edge,Edge committee: a horse must pass ≥ 2 of 5 voting rules built on WPR + Late + PF rank signals. Field size ≥ 8 and combined book < 50% per race (max 2 picks/race). Selected from 24k rules on 45-day backtest; only stable rules across both halves.,14179519,Seeyouatthesession,Bonnie Palise,S & J Casey,3,2,,8.0,3.0,2.0,3.0,2.0,1.8,1.0,,,,,,,0,1.0,3.29,100.0,1.0,1.0,2.0,3.0,op/mf,-6.2,"R1,R2,R3,R4,R5"
2026-05-22,Inverell,5,1419429,2026-05-22T04:30:00+00:00,edge,Edge,Edge committee: a horse must pass ≥ 2 of 5 voting rules built on WPR + Late + PF rank signals. Field size ≥ 8 and combined book < 50% per race (max 2 picks/race). Selected from 24k rules on 45-day backtest; only stable rules across both halves.,14181483,Ring Ahoy,G Spokes,D J Hatch,1,9,2.0,6.0,5.0,2.0,1.0,1.0,-0.2,0.0,4.6,,,,,,0,2.0,4.42,69.0,6.0,2.0,1.0,1.0,bm,1.2,"R1,R3"
2026-05-22,Inverell,1,1419434,2026-05-22T02:10:00+00:00,edge,Edge,Edge committee: a horse must pass ≥ 2 of 5 voting rules built on WPR + Late + PF rank signals. Field size ≥ 8 and combined book < 50% per race (max 2 picks/race). Selected from 24k rules on 45-day backtest; only stable rules across both halves.,14182231,Hillbilly Hippie,B Looker,Colt Prosser,6,5,1.0,7.0,2.0,1.0,1.0,3.0,2.5,0.0,3.2,,,,,,0,3.0,5.19,75.0,4.0,3.0,25.0,1.0,bm,-0.2,"R1,R5"
2026-05-23,Randwick,3,1419840,2026-05-23T02:10:00+00:00,edge,Edge,Edge committee: a horse must pass ≥ 2 of 5 voting rules built on WPR + Late + PF rank signals. Field size ≥ 8 and combined book < 50% per race (max 2 picks/race). Selected from 24k rules on 45-day backtest; only stable rules across both halves.,14182022,Exit Fee,A Hyeronimus,D A Williams,1,4,1.0,19.0,9.0,3.0,4.0,1.0,2.2,2.0,4.0,,,,,,0,1.0,4.73,98.0,2.0,1.0,4.0,7.0,mf/bm,8.8,"R1,R2,R4"
