band,gb,b_gap,W,E,n,AE_raw
1200-1400,dry,0.0,4221.0,2662.03831551403,21098,1.585627064569482
1200-1400,dry,1.0,2258.0,2166.4970309465702,18946,1.0422354463202061
1200-1400,dry,2.0,6596.0,6427.159161669972,58567,1.0262699015354955
1200-1400,dry,3.0,6430.0,7176.677729587845,83662,0.8959577456697744
1200-1400,dry,4.0,1515.0,2467.5353033105616,39224,0.6139729786104395
1200-1400,dry,5.0,69.0,174.3040003763405,3623,0.3958601056259283
1200-1400,heavy,0.0,623.0,400.7335257174626,3262,1.5546490623278835
1200-1400,heavy,1.0,353.0,343.2557416346188,3010,1.028387750541267
1200-1400,heavy,2.0,1016.0,1018.0260068129649,9254,0.998009867332066
1200-1400,heavy,3.0,998.0,1121.2422392551998,12625,0.8900841986321661
1200-1400,heavy,4.0,262.0,355.66833429596255,5217,0.7366413445791374
1200-1400,heavy,5.0,10.0,21.737146259354482,391,0.4600419889844807
1200-1400,soft,0.0,2266.0,1443.274725359945,11762,1.5700406583610558
1200-1400,soft,1.0,1206.0,1213.0884920651608,10716,0.9941566570686914
1200-1400,soft,2.0,3639.0,3576.409398362497,33092,1.0175009610661914
1200-1400,soft,3.0,3619.0,4037.5079016711506,47028,0.896344995015879
1200-1400,soft,4.0,984.0,1385.1959699969977,21714,0.7103688007424197
1200-1400,soft,5.0,42.0,93.800889090343,1896,0.44775694993198084
1500-1800,dry,0.0,1581.0,1140.8766462574195,9865,1.3857764598709073
1500-1800,dry,1.0,849.0,809.3868820430861,7448,1.048942129945226
1500-1800,dry,2.0,2789.0,2613.367072706491,23573,1.0672056096243754
1500-1800,dry,3.0,3377.0,3558.662486069472,38012,0.9489520327424708
1500-1800,dry,4.0,1170.0,1556.5403124723125,21877,0.7516670083164401
1500-1800,dry,5.0,98.0,174.78531415065848,3004,0.5606878385419019
1500-1800,heavy,0.0,244.0,168.82602914746892,1483,1.445274767357508
1500-1800,heavy,1.0,103.0,124.1114091537643,1118,0.8298995289981043
1500-1800,heavy,2.0,414.0,405.9907354440805,3666,1.0197277027692733
1500-1800,heavy,3.0,507.0,535.8339285638625,5807,0.9461886845404827
1500-1800,heavy,4.0,201.0,223.55125594399803,3059,0.8991226604888887
1500-1800,heavy,5.0,14.0,23.44714191477064,419,0.5970876984021934
1500-1800,soft,0.0,796.0,576.7300734948527,5182,1.38019506278981
1500-1800,soft,1.0,416.0,424.26319987543826,3951,0.9805234112271244
1500-1800,soft,2.0,1425.0,1350.7217447675143,12453,1.0549915299137131
1500-1800,soft,3.0,1856.0,1873.5237109394973,20360,0.9906466564382524
1500-1800,soft,4.0,637.0,861.0961819770384,11997,0.7397547606557451
1500-1800,soft,5.0,52.0,92.57248448416154,1586,0.5617219877996988
2000+,dry,0.0,640.0,486.6216114981299,4531,1.3151902522982368
2000+,dry,1.0,357.0,372.1800736950245,3551,0.9592130939619742
2000+,dry,2.0,1277.0,1206.7071935856939,11124,1.0582517505389466
2000+,dry,3.0,1652.0,1635.1498420318694,17222,1.0103049626003646
2000+,dry,4.0,528.0,715.016710352025,9669,0.7384442801903877
2000+,dry,5.0,76.0,107.01591815643204,1573,0.7101747226885062
2000+,heavy,0.0,124.0,89.36178645910897,817,1.3876177381115933
2000+,heavy,1.0,82.0,66.81447274251069,666,1.2272790105822016
2000+,heavy,2.0,221.0,224.30038943177337,2097,0.9852858506392506
2000+,heavy,3.0,290.0,290.35393042186075,3121,0.9987810379513495
2000+,heavy,4.0,87.0,122.71278160032828,1552,0.7089726014308461
2000+,heavy,5.0,13.0,20.598369078838964,278,0.6311179273583902
2000+,soft,0.0,366.0,277.34143688160134,2591,1.3196729782439525
2000+,soft,1.0,198.0,220.15614158939246,2074,0.8993616919817058
2000+,soft,2.0,727.0,687.2410421033447,6469,1.057853002746999
2000+,soft,3.0,959.0,945.2950640876443,9960,1.0144980508552461
2000+,soft,4.0,308.0,407.19062263840493,5459,0.7564024878674857
2000+,soft,5.0,32.0,49.545055130656806,819,0.6458767664222353
sprint<=1100,dry,0.0,2519.0,1511.3973349815776,10296,1.666669605468574
sprint<=1100,dry,1.0,2017.0,1810.4421874776597,14868,1.1140924653386035
sprint<=1100,dry,2.0,3789.0,4014.464337044068,38288,0.9438370058581509
sprint<=1100,dry,3.0,1793.0,2593.1505135491525,34032,0.691436918386193
sprint<=1100,dry,4.0,165.0,340.112603336257,6209,0.4851334481035696
sprint<=1100,dry,5.0,2.0,9.57898348716011,232,0.20879042151819616
sprint<=1100,heavy,0.0,342.0,224.3724037990996,1639,1.5242516201155591
sprint<=1100,heavy,1.0,329.0,296.37110985299984,2509,1.110094705800387
sprint<=1100,heavy,2.0,653.0,663.0313880598923,6294,0.9848704175389866
sprint<=1100,heavy,3.0,296.0,402.1218355705968,5091,0.7360953169329548
sprint<=1100,heavy,4.0,18.0,49.29142177547796,842,0.3651751025156032
sprint<=1100,heavy,5.0,0.0,1.6412143065234055,38,0.0
sprint<=1100,soft,0.0,1417.0,864.1648444152327,6016,1.6397334480308123
sprint<=1100,soft,1.0,1193.0,1079.5272405027101,8899,1.1051133822657855
sprint<=1100,soft,2.0,2192.0,2372.0717270413397,23137,0.9240867276530709
sprint<=1100,soft,3.0,1119.0,1496.4047047938377,20028,0.7477923561822579
sprint<=1100,soft,4.0,81.0,180.6973104305701,3325,0.44826345122122274
sprint<=1100,soft,5.0,0.0,5.2788647481445805,109,0.0
