band,b_gap,W,E,n,AE_raw
1200-1400,0.0,7620.0,4819.405600764079,38372,1.5811078442519775
1200-1400,1.0,4173.0,4040.0902187350152,35181,1.0328977260578602
1200-1400,2.0,11981.0,11728.58932810799,107236,1.021520974503481
1200-1400,3.0,11576.0,13012.465050691539,151080,0.8896085372682558
1200-1400,4.0,2874.0,4421.329035496093,69308,0.6500307886896557
1200-1400,5.0,130.0,308.21481542513624,6225,0.4217837478730036
1500-1800,0.0,2833.0,2017.5192488802659,17517,1.4041997376591724
1500-1800,1.0,1481.0,1459.8656780602726,13397,1.0144768948659775
1500-1800,2.0,4900.0,4650.587333493514,42167,1.0536303586237843
1500-1800,3.0,6021.0,6286.90243685938,67626,0.9577053342993801
1500-1800,4.0,2106.0,2774.2414244010242,38737,0.7591264341583748
1500-1800,5.0,175.0,310.94095083515424,5303,0.5628078242186134
2000+,0.0,1192.0,903.1864040589825,8353,1.3197718595442416
2000+,1.0,667.0,697.5553876837998,6643,0.9561964709565822
2000+,2.0,2347.0,2234.412784873552,20715,1.050387831598815
2000+,3.0,3046.0,3015.452952509748,31829,1.0101301688241655
2000+,4.0,971.0,1300.7325695565473,17408,0.7465024115841418
2000+,5.0,128.0,185.7394231662858,2803,0.6891374906737285
sprint<=1100,0.0,4696.0,2823.8712570658427,19412,1.662965331103445
sprint<=1100,1.0,3891.0,3476.9204541039257,28511,1.1190937645430807
sprint<=1100,2.0,7139.0,7602.911461886792,72850,0.9389823932302291
sprint<=1100,3.0,3375.0,4824.96753857572,63456,0.6994865712601799
sprint<=1100,4.0,279.0,622.8741313975463,11287,0.44792356262092003
sprint<=1100,5.0,2.0,19.028199567450635,438,0.10510715913560058
