band,gb,rl,b_gap,W,E,n,AE_raw
1200-1400,dry,1-3m,0.0,524.0,345.8107442469061,2796,1.5152796976888265
1200-1400,dry,1-3m,1.0,310.0,278.3661189242563,2501,1.1136412764527257
1200-1400,dry,1-3m,2.0,875.0,861.0502249379197,7746,1.01620088428998
1200-1400,dry,1-3m,3.0,844.0,954.6071408625244,11056,0.884133340169039
1200-1400,dry,1-3m,4.0,228.0,332.40839499950306,5239,0.685903254640548
1200-1400,dry,1-3m,5.0,12.0,19.112473556110782,455,0.6278622159905237
1200-1400,dry,10m+,0.0,192.0,120.7205001252064,980,1.5904506674580159
1200-1400,dry,10m+,1.0,99.0,98.07880756932924,882,1.0093923698044514
1200-1400,dry,10m+,2.0,294.0,319.2945952345035,2857,0.9207797575905534
1200-1400,dry,10m+,3.0,318.0,338.1801186198758,3919,0.9403273063412729
1200-1400,dry,10m+,4.0,72.0,97.02727798372725,1489,0.7420593620288446
1200-1400,dry,10m+,5.0,3.0,4.398419535826448,92,0.6820631764578389
1200-1400,dry,4-6m,0.0,805.0,492.45788995195204,3801,1.634657534024974
1200-1400,dry,4-6m,1.0,403.0,378.5836308300567,3331,1.0644939907106117
1200-1400,dry,4-6m,2.0,1194.0,1169.127987785415,10512,1.021273985803469
1200-1400,dry,4-6m,3.0,1128.0,1282.486967708417,15014,0.8795411013146912
1200-1400,dry,4-6m,4.0,255.0,442.57514447883165,6939,0.5761733418181071
1200-1400,dry,4-6m,5.0,15.0,32.02760594044644,613,0.4683459646622251
1200-1400,dry,7-9m,0.0,377.0,252.28265964779354,1978,1.4943555792788996
1200-1400,dry,7-9m,1.0,203.0,208.5270776049681,1764,0.9734946767180109
1200-1400,dry,7-9m,2.0,631.0,602.6227454457567,5419,1.0470895842692642
1200-1400,dry,7-9m,3.0,623.0,688.9004438821777,7922,0.9043396698791377
1200-1400,dry,7-9m,4.0,139.0,214.35202898690068,3339,0.6484659868019932
1200-1400,dry,7-9m,5.0,4.0,9.825808498913307,193,0.40709118241439196
1200-1400,dry,true,0.0,2189.0,1364.6039085673901,10867,1.604128484651704
1200-1400,dry,true,1.0,1181.0,1139.5083396696455,9890,1.0364118970312963
1200-1400,dry,true,2.0,3384.0,3264.293729717472,30114,1.0366714150729592
1200-1400,dry,true,3.0,3290.0,3674.7056316698217,42979,0.8953098097561062
1200-1400,dry,true,4.0,786.0,1307.9969212440167,21064,0.6009188456288161
1200-1400,dry,true,5.0,35.0,104.90000992612228,2176,0.33365106471056943
1200-1400,heavy,1-3m,0.0,97.0,52.51791680891627,408,1.846988721066936
1200-1400,heavy,1-3m,1.0,41.0,42.12798561558423,365,0.9732247910954718
1200-1400,heavy,1-3m,2.0,121.0,129.1551705708905,1170,0.9368575757761529
1200-1400,heavy,1-3m,3.0,108.0,138.4793944306121,1582,0.7798994243444326
1200-1400,heavy,1-3m,4.0,40.0,42.82138069522327,637,0.9341128041782643
1200-1400,heavy,1-3m,5.0,1.0,2.8110738997479494,38,0.3557359342597373
1200-1400,heavy,10m+,0.0,15.0,16.94997003660553,137,0.8849573165973549
1200-1400,heavy,10m+,1.0,14.0,14.468092449534689,128,0.9676465677028665
1200-1400,heavy,10m+,2.0,47.0,43.01042280449514,406,1.0927583812333017
1200-1400,heavy,10m+,3.0,49.0,50.085248453184086,555,0.9783319742498933
1200-1400,heavy,10m+,4.0,12.0,12.427534741973393,172,0.9655977834019313
1200-1400,heavy,10m+,5.0,0.0,0.02672970897009705,1,0.0
1200-1400,heavy,4-6m,0.0,104.0,58.49415493603876,508,1.7779554233020416
1200-1400,heavy,4-6m,1.0,54.0,53.64078399757448,474,1.006696695604631
1200-1400,heavy,4-6m,2.0,166.0,162.58251837509786,1415,1.0210199820931398
1200-1400,heavy,4-6m,3.0,152.0,177.71966528624083,1970,0.8552795761526113
1200-1400,heavy,4-6m,4.0,30.0,52.37827170126773,738,0.572756584468859
1200-1400,heavy,4-6m,5.0,2.0,3.04381760627562,58,0.657069594405552
1200-1400,heavy,7-9m,0.0,48.0,40.322471640650896,356,1.1904032180311348
1200-1400,heavy,7-9m,1.0,38.0,36.574354627642144,327,1.0389793719362141
1200-1400,heavy,7-9m,2.0,118.0,115.77162407464515,1029,1.0192480320040953
1200-1400,heavy,7-9m,3.0,123.0,125.45639469661263,1358,0.9804203308842657
1200-1400,heavy,7-9m,4.0,26.0,34.695164394885495,522,0.7493839690188275
1200-1400,heavy,7-9m,5.0,3.0,3.099745086072242,47,0.9678215197370854
1200-1400,heavy,true,0.0,352.0,226.44701870257944,1809,1.55444749070565
1200-1400,heavy,true,1.0,202.0,190.61030921362018,1677,1.0597538025795614
1200-1400,heavy,true,2.0,553.0,554.7662177401345,5119,0.9968162846192595
1200-1400,heavy,true,3.0,549.0,615.4306884550149,6989,0.8920582127261425
1200-1400,heavy,true,4.0,149.0,208.42419905150632,3087,0.714888197618448
1200-1400,heavy,true,5.0,4.0,12.3246741739668,240,0.3245521904708144
1200-1400,soft,1-3m,0.0,270.0,181.80104733094436,1461,1.485139959114214
1200-1400,soft,1-3m,1.0,146.0,144.63237392542825,1309,1.0094558779438751
1200-1400,soft,1-3m,2.0,452.0,435.3691199590225,4077,1.0381994938973689
1200-1400,soft,1-3m,3.0,457.0,510.81511008392454,5880,0.8946485547871069
1200-1400,soft,1-3m,4.0,129.0,175.61937182481353,2777,0.7345431125256615
1200-1400,soft,1-3m,5.0,7.0,12.381353599838732,235,0.5653662940448753
1200-1400,soft,10m+,0.0,127.0,84.72989149426195,660,1.498880710930695
1200-1400,soft,10m+,1.0,61.0,63.541075964936105,607,0.9600089245209139
1200-1400,soft,10m+,2.0,207.0,203.66546239955161,1915,1.016372621853315
1200-1400,soft,10m+,3.0,208.0,231.84160609685813,2648,0.8971642471847885
1200-1400,soft,10m+,4.0,56.0,73.10337827591283,1101,0.766038469366493
1200-1400,soft,10m+,5.0,1.0,2.863944092187391,47,0.34916882725745924
1200-1400,soft,4-6m,0.0,396.0,271.8217354953514,2142,1.456837140997403
1200-1400,soft,4-6m,1.0,211.0,215.9312329108496,1908,0.9771629474607524
1200-1400,soft,4-6m,2.0,648.0,641.8243023099952,5864,1.0096221001102292
1200-1400,soft,4-6m,3.0,702.0,737.06711881667,8497,0.952423438895268
1200-1400,soft,4-6m,4.0,179.0,256.0356727453225,3918,0.699121329776771
1200-1400,soft,4-6m,5.0,5.0,16.727430972779043,353,0.2989102156892246
1200-1400,soft,7-9m,0.0,256.0,163.70101573591188,1343,1.5638265825606605
1200-1400,soft,7-9m,1.0,155.0,145.7478113143415,1235,1.0634808070338966
1200-1400,soft,7-9m,2.0,429.0,418.65633051088855,3835,1.0247068269014086
1200-1400,soft,7-9m,3.0,392.0,457.39178058091693,5313,0.8570333281943432
1200-1400,soft,7-9m,4.0,103.0,145.11041404017192,2227,0.7098043285265921
1200-1400,soft,7-9m,5.0,5.0,8.718892733959287,169,0.5734673143213999
1200-1400,soft,true,0.0,1166.0,705.5976481899814,5859,1.6524998389536238
1200-1400,soft,true,1.0,612.0,612.1856484348331,5387,0.9996967448758269
1200-1400,soft,true,2.0,1801.0,1782.9668302479386,16522,1.010114136419214
1200-1400,soft,true,3.0,1761.0,1995.7494705157114,23518,0.8823752810742067
1200-1400,soft,true,4.0,493.0,705.2521698843792,11202,0.6990407418112923
1200-1400,soft,true,5.0,24.0,51.71417035090329,1065,0.46408943307316913
1500-1800,dry,1-3m,0.0,241.0,166.8788465362481,1409,1.44416146804833
1500-1800,dry,1-3m,1.0,112.0,109.99238687455039,1013,1.0182522916585068
1500-1800,dry,1-3m,2.0,373.0,369.1687841439189,3328,1.0103779518221332
1500-1800,dry,1-3m,3.0,513.0,521.2055925726233,5405,0.9842565147236405
1500-1800,dry,1-3m,4.0,158.0,216.0584793391951,3021,0.7312834954834253
1500-1800,dry,1-3m,5.0,12.0,24.60305214662165,443,0.4877443631174749
1500-1800,dry,10m+,0.0,63.0,48.47880662656571,449,1.2995369396217127
1500-1800,dry,10m+,1.0,45.0,37.99619424103729,365,1.1843291387166968
1500-1800,dry,10m+,2.0,146.0,126.0537039601571,1162,1.1582364929645186
1500-1800,dry,10m+,3.0,147.0,164.62715412304632,1764,0.8929268126091072
1500-1800,dry,10m+,4.0,41.0,63.059707208451925,863,0.6501774558589252
1500-1800,dry,10m+,5.0,7.0,8.137154418169976,121,0.8602515867671442
1500-1800,dry,4-6m,0.0,294.0,201.56257119249182,1758,1.4586041359793462
1500-1800,dry,4-6m,1.0,156.0,152.1542410401098,1353,1.0252753977385118
1500-1800,dry,4-6m,2.0,504.0,476.2101499719249,4176,1.0583562740729349
1500-1800,dry,4-6m,3.0,589.0,640.1489651913552,6804,0.9200983396480762
1500-1800,dry,4-6m,4.0,199.0,262.36133761925333,3703,0.7584959041823258
1500-1800,dry,4-6m,5.0,16.0,24.296744191344036,421,0.6585244456621544
1500-1800,dry,7-9m,0.0,145.0,112.10417904187219,951,1.2934397382798803
1500-1800,dry,7-9m,1.0,85.0,79.25774247927208,717,1.0724504299656235
1500-1800,dry,7-9m,2.0,270.0,245.60147031304808,2232,1.0993419528631205
1500-1800,dry,7-9m,3.0,330.0,350.0191249551383,3716,0.9428056253848868
1500-1800,dry,7-9m,4.0,116.0,149.93928179375558,1982,0.773646496183437
1500-1800,dry,7-9m,5.0,5.0,12.906690988425314,239,0.38739596419283506
1500-1800,dry,true,0.0,790.0,579.9200461195256,4992,1.3622567546788604
1500-1800,dry,true,1.0,428.0,405.5955213102719,3751,1.0552384765427159
1500-1800,dry,true,2.0,1404.0,1313.0677831858347,11899,1.0692517309300977
1500-1800,dry,true,3.0,1696.0,1768.0646948412902,19099,0.9592409174553654
1500-1800,dry,true,4.0,618.0,817.3530822927348,11698,0.7560991857600452
1500-1800,dry,true,5.0,55.0,101.0095413349872,1719,0.5445030169734011
1500-1800,heavy,1-3m,0.0,29.0,22.0551164860664,187,1.3148876369943963
1500-1800,heavy,1-3m,1.0,2.0,13.535821792993934,128,0.14775608238542184
1500-1800,heavy,1-3m,2.0,55.0,50.682470501756896,457,1.0851878263924297
1500-1800,heavy,1-3m,3.0,71.0,68.20758466708519,713,1.0409399533284214
1500-1800,heavy,1-3m,4.0,27.0,29.262283683269086,407,0.9226894350503969
1500-1800,heavy,1-3m,5.0,3.0,2.4760860850121147,39,1.2115895397010488
1500-1800,heavy,10m+,0.0,8.0,6.552421360727461,56,1.2209227031626406
1500-1800,heavy,10m+,1.0,3.0,4.644905087378464,42,0.6458689561067369
1500-1800,heavy,10m+,2.0,19.0,18.096948266629205,169,1.0499007744325612
1500-1800,heavy,10m+,3.0,19.0,19.952121330422035,224,0.9522796942413193
1500-1800,heavy,10m+,4.0,7.0,6.390727197170413,81,1.0953370068901316
1500-1800,heavy,10m+,5.0,0.0,0.362876757672421,12,0.0
1500-1800,heavy,4-6m,0.0,45.0,26.882832380841677,256,1.673930758578464
1500-1800,heavy,4-6m,1.0,22.0,18.761562009821635,192,1.1726102543318648
1500-1800,heavy,4-6m,2.0,63.0,70.70565226987864,637,0.8910178744909008
1500-1800,heavy,4-6m,3.0,96.0,98.18189054658873,1025,0.9777770571085775
1500-1800,heavy,4-6m,4.0,29.0,38.85814875992881,517,0.7463042096824051
1500-1800,heavy,4-6m,5.0,1.0,2.528500679042594,58,0.3954912918507286
1500-1800,heavy,7-9m,0.0,25.0,17.244694404717997,162,1.449721254159205
1500-1800,heavy,7-9m,1.0,13.0,15.73144752634716,126,0.8263702356841283
1500-1800,heavy,7-9m,2.0,47.0,49.32035173996128,422,0.9529534632641065
1500-1800,heavy,7-9m,3.0,59.0,54.58743020598079,611,1.080834906083118
1500-1800,heavy,7-9m,4.0,18.0,23.008115767817422,292,0.7823326421704415
1500-1800,heavy,7-9m,5.0,0.0,2.10796035517535,38,0.0
1500-1800,heavy,true,0.0,136.0,93.7857851752524,803,1.4501131461005972
1500-1800,heavy,true,1.0,62.0,69.38922401951386,616,0.8935104964218098
1500-1800,heavy,true,2.0,225.0,211.89417540383795,1935,1.0618508015672652
1500-1800,heavy,true,3.0,253.0,287.8072880483552,3157,0.87906043559777
1500-1800,heavy,true,4.0,117.0,123.91272733427226,1730,0.944212935321614
1500-1800,heavy,true,5.0,10.0,15.83335032442748,270,0.6315782696080522
1500-1800,soft,1-3m,0.0,101.0,72.67080670477583,671,1.3898290741468047
1500-1800,soft,1-3m,1.0,60.0,52.04712174536426,483,1.1528014996399698
1500-1800,soft,1-3m,2.0,192.0,179.45449861874383,1611,1.0699090938250004
1500-1800,soft,1-3m,3.0,236.0,243.74154792854395,2592,0.9682387020418305
1500-1800,soft,1-3m,4.0,76.0,112.21236484160434,1546,0.6772872143571642
1500-1800,soft,1-3m,5.0,6.0,10.691584262896233,213,0.5611890485512262
1500-1800,soft,10m+,0.0,35.0,30.00214689808043,271,1.1665831821601853
1500-1800,soft,10m+,1.0,16.0,21.15284083188393,216,0.7563995837326497
1500-1800,soft,10m+,2.0,80.0,74.02894586272537,684,1.0806583704210375
1500-1800,soft,10m+,3.0,102.0,99.0457058996814,1106,1.029827583876386
1500-1800,soft,10m+,4.0,36.0,42.738736299442245,556,0.8423271981598064
1500-1800,soft,10m+,5.0,2.0,4.00506127292032,63,0.4993681403884454
1500-1800,soft,4-6m,0.0,154.0,110.24232249080688,968,1.3969226747090897
1500-1800,soft,4-6m,1.0,72.0,81.6888225233748,759,0.8813935343406083
1500-1800,soft,4-6m,2.0,268.0,248.21274661719215,2312,1.079718925206226
1500-1800,soft,4-6m,3.0,373.0,352.9605712641802,3792,1.0567752615088015
1500-1800,soft,4-6m,4.0,96.0,161.31312763457944,2209,0.5951158557750338
1500-1800,soft,4-6m,5.0,5.0,13.122411339369751,233,0.3810275315024641
1500-1800,soft,7-9m,0.0,86.0,60.60162722158748,583,1.4191038086410512
1500-1800,soft,7-9m,1.0,49.0,47.91059764995315,446,1.0227382333655344
1500-1800,soft,7-9m,2.0,161.0,157.36374253647108,1428,1.0231073397525874
1500-1800,soft,7-9m,3.0,201.0,216.40707588142806,2286,0.9288051196169308
1500-1800,soft,7-9m,4.0,81.0,91.4059486905963,1283,0.8861567672600847
1500-1800,soft,7-9m,5.0,5.0,8.598662248765958,145,0.5814858003891917
1500-1800,soft,true,0.0,409.0,289.91582378769135,2560,1.4107543170858978
1500-1800,soft,true,1.0,208.0,210.61970875411785,1947,0.9875619011648328
1500-1800,soft,true,2.0,678.0,656.34655445405,6102,1.032990872579443
1500-1800,soft,true,3.0,896.0,911.1164177973284,10046,0.9834089063679995
1500-1800,soft,true,4.0,335.0,434.8426407752931,6153,0.7703936288371332
1500-1800,soft,true,5.0,34.0,55.44723270505442,917,0.6131956157462237
2000+,dry,1-3m,0.0,92.0,63.358484096276996,592,1.4520549427950409
2000+,dry,1-3m,1.0,41.0,47.54648934748019,457,0.8623139281717098
2000+,dry,1-3m,2.0,182.0,160.50559829669447,1443,1.1339168348730937
2000+,dry,1-3m,3.0,203.0,212.0485507382751,2251,0.9573279293502767
2000+,dry,1-3m,4.0,60.0,89.7583765971552,1251,0.6684612876777635
2000+,dry,1-3m,5.0,14.0,18.15050435285106,294,0.7713284285569121
2000+,dry,10m+,0.0,19.0,17.663359936120216,172,1.0756730355217672
2000+,dry,10m+,1.0,13.0,14.18898447189209,145,0.9162036948981495
2000+,dry,10m+,2.0,53.0,46.05618203203526,481,1.1507684237294102
2000+,dry,10m+,3.0,68.0,63.046228948282376,689,1.0785736297690582
2000+,dry,10m+,4.0,16.0,26.612530793870388,342,0.601220534940076
2000+,dry,10m+,5.0,3.0,4.236081703904563,49,0.7082016376678435
2000+,dry,4-6m,0.0,113.0,81.26304959084975,799,1.3905458947078926
2000+,dry,4-6m,1.0,68.0,68.08238956551727,623,0.9987898549677374
2000+,dry,4-6m,2.0,227.0,211.14099631461056,1937,1.0751109635845364
2000+,dry,4-6m,3.0,284.0,289.9777010764755,3048,0.9793856525716127
2000+,dry,4-6m,4.0,92.0,127.4386958442187,1674,0.7219157367434219
2000+,dry,4-6m,5.0,15.0,20.178163459483176,271,0.7433778614252635
2000+,dry,7-9m,0.0,61.0,44.91749122322216,431,1.3580455706409367
2000+,dry,7-9m,1.0,32.0,35.39143982278313,350,0.9041734430764837
2000+,dry,7-9m,2.0,121.0,119.11586273085123,1096,1.015817685620983
2000+,dry,7-9m,3.0,154.0,155.7939136324667,1676,0.9884853420095812
2000+,dry,7-9m,4.0,62.0,70.22157272289964,926,0.8829195587039517
2000+,dry,7-9m,5.0,1.0,4.1103351544449716,95,0.24328916315220345
2000+,dry,true,0.0,340.0,268.40581983688014,2418,1.2667385536074822
2000+,dry,true,1.0,193.0,197.88901440345865,1892,0.9752941596167088
2000+,dry,true,2.0,660.0,638.0272043732879,5860,1.034438650070251
2000+,dry,true,3.0,892.0,870.706394762392,9118,1.0244555516827447
2000+,dry,true,4.0,293.0,381.3394983340382,5216,0.7683442215664313
2000+,dry,true,5.0,39.0,56.62804159216242,816,0.6887047283195783
2000+,heavy,1-3m,0.0,18.0,10.110320732688553,81,1.780358949622898
2000+,heavy,1-3m,1.0,7.0,6.072493233793267,53,1.1527390365863532
2000+,heavy,1-3m,2.0,18.0,20.215983472730407,192,0.8903845822925421
2000+,heavy,1-3m,3.0,28.0,26.549297787810524,289,1.0546418298436326
2000+,heavy,1-3m,4.0,9.0,15.206338697934537,170,0.5918584465846773
2000+,heavy,1-3m,5.0,1.0,2.7951754624966836,30,0.3577592939753371
2000+,heavy,10m+,0.0,2.0,2.550798032860662,30,0.78406834811498
2000+,heavy,10m+,1.0,4.0,2.125377458331878,29,1.882018643003505
2000+,heavy,10m+,2.0,11.0,9.27436766641448,76,1.1860646887910857
2000+,heavy,10m+,3.0,10.0,11.232376136416919,129,0.8902835765603161
2000+,heavy,10m+,4.0,3.0,4.775272242574794,67,0.6282364329415532
2000+,heavy,10m+,5.0,0.0,0.041808463401266725,1,0.0
2000+,heavy,4-6m,0.0,26.0,15.494775926463578,158,1.6779848978386653
2000+,heavy,4-6m,1.0,16.0,12.077520932876794,135,1.3247751826656444
2000+,heavy,4-6m,2.0,43.0,44.449586638065654,419,0.967388073822395
2000+,heavy,4-6m,3.0,58.0,59.65451216473786,600,0.9722650960556198
2000+,heavy,4-6m,4.0,14.0,22.989728335129833,296,0.6089676135323039
2000+,heavy,4-6m,5.0,1.0,2.695775644782717,33,0.3709507510149649
2000+,heavy,7-9m,0.0,15.0,13.217682505534778,117,1.1348434185583511
2000+,heavy,7-9m,1.0,13.0,9.313433030112192,98,1.3958333042142892
2000+,heavy,7-9m,2.0,32.0,32.23161446993922,310,0.9928140593095257
2000+,heavy,7-9m,3.0,39.0,42.88934585874471,462,0.9093167363392717
2000+,heavy,7-9m,4.0,15.0,15.274706174822466,198,0.9820156164263724
2000+,heavy,7-9m,5.0,3.0,4.073217960846633,59,0.736518406045828
2000+,heavy,true,0.0,62.0,47.14525926901501,424,1.3150845060841119
2000+,heavy,true,1.0,42.0,36.26928790087287,344,1.1580045385724052
2000+,heavy,true,2.0,114.0,116.53103509594527,1085,0.9782801629294603
2000+,heavy,true,3.0,153.0,147.88826754951734,1615,1.0345648274550996
2000+,heavy,true,4.0,45.0,63.06270210104262,806,0.7135755129537339
2000+,heavy,true,5.0,8.0,10.93366878851751,154,0.7316848676083516
2000+,soft,1-3m,0.0,50.0,36.23645814768615,360,1.3798258040622744
2000+,soft,1-3m,1.0,28.0,30.5599102112464,269,0.916233058489016
2000+,soft,1-3m,2.0,106.0,99.15408507309546,901,1.0690431959697657
2000+,soft,1-3m,3.0,121.0,123.60951098492478,1320,0.978889076057885
2000+,soft,1-3m,4.0,49.0,62.16755943620812,794,0.7881924341952056
2000+,soft,1-3m,5.0,6.0,7.696166734065584,140,0.7796088893763395
2000+,soft,10m+,0.0,17.0,12.166096783232344,125,1.3973257243383002
2000+,soft,10m+,1.0,6.0,9.027933334886201,104,0.664603932864069
2000+,soft,10m+,2.0,40.0,31.863028382195715,315,1.2553734541551307
2000+,soft,10m+,3.0,48.0,50.50453909697428,497,0.9504096237337146
2000+,soft,10m+,4.0,10.0,17.479441545881006,229,0.5721006574352759
2000+,soft,10m+,5.0,4.0,3.8407914615872385,48,1.0414520132126537
2000+,soft,4-6m,0.0,65.0,46.55995933726335,455,1.3960493291921439
2000+,soft,4-6m,1.0,30.0,37.00167456358989,357,0.8107741164104064
2000+,soft,4-6m,2.0,114.0,119.81376972308544,1111,0.9514766146118073
2000+,soft,4-6m,3.0,192.0,170.32907815582598,1732,1.127229725416281
2000+,soft,4-6m,4.0,51.0,72.24790110549431,953,0.7059028597319563
2000+,soft,4-6m,5.0,3.0,8.398155353569631,145,0.3572213032145031
2000+,soft,7-9m,0.0,48.0,33.07386754981889,312,1.4512968562777848
2000+,soft,7-9m,1.0,22.0,29.50155160331159,263,0.7457234892530354
2000+,soft,7-9m,2.0,98.0,85.89139601654439,809,1.1409757501336135
2000+,soft,7-9m,3.0,113.0,116.04778187035515,1223,0.9737368364889556
2000+,soft,7-9m,4.0,30.0,43.38502400034329,585,0.6914828490071279
2000+,soft,7-9m,5.0,1.0,3.234737236379826,58,0.30914412112161405
2000+,soft,true,0.0,180.0,145.06777033740303,1295,1.2407993834974544
2000+,soft,true,1.0,107.0,110.19763918112278,1042,0.9709826888771448
2000+,soft,true,2.0,358.0,339.763968004477,3223,1.0536726484053855
2000+,soft,true,3.0,471.0,467.9479805086608,5008,1.0065221341227322
2000+,soft,true,4.0,160.0,204.14733692605898,2815,0.7837476717021838
2000+,soft,true,5.0,18.0,25.85424976575685,420,0.6962104939451943
sprint<=1100,dry,1-3m,0.0,335.0,204.39145094722318,1381,1.63901180038348
sprint<=1100,dry,1-3m,1.0,276.0,240.04913917856402,1970,1.1497645896355138
sprint<=1100,dry,1-3m,2.0,516.0,541.4870286872004,5085,0.9529314141670354
sprint<=1100,dry,1-3m,3.0,235.0,352.2660097880173,4586,0.6671094952970786
sprint<=1100,dry,1-3m,4.0,18.0,39.200035658122644,795,0.4591832557751824
sprint<=1100,dry,1-3m,5.0,0.0,1.469617590556929,31,0.0
sprint<=1100,dry,10m+,0.0,95.0,63.67035300675686,407,1.4920602056331989
sprint<=1100,dry,10m+,1.0,57.0,67.6161620267514,557,0.8429937206055668
sprint<=1100,dry,10m+,2.0,173.0,156.71325347458335,1505,1.103927052526276
sprint<=1100,dry,10m+,3.0,76.0,107.8636507942354,1409,0.7045932474970679
sprint<=1100,dry,10m+,4.0,6.0,10.800196327798846,195,0.5555454565725326
sprint<=1100,dry,10m+,5.0,0.0,0.31079253881471736,5,0.0
sprint<=1100,dry,4-6m,0.0,430.0,240.16333509427574,1628,1.7904481540914818
sprint<=1100,dry,4-6m,1.0,301.0,273.709526715289,2204,1.09970596790041
sprint<=1100,dry,4-6m,2.0,584.0,636.9279002466535,5940,0.9169012690036707
sprint<=1100,dry,4-6m,3.0,285.0,421.17285439173463,5354,0.6766817876038144
sprint<=1100,dry,4-6m,4.0,26.0,51.60687529366825,899,0.5038088404315769
sprint<=1100,dry,4-6m,5.0,0.0,1.4397570060962197,31,0.0
sprint<=1100,dry,7-9m,0.0,194.0,124.46037560590857,839,1.558729025648145
sprint<=1100,dry,7-9m,1.0,166.0,141.75087912496943,1188,1.1710685748456786
sprint<=1100,dry,7-9m,2.0,302.0,336.6671304587669,3238,0.8970284672236135
sprint<=1100,dry,7-9m,3.0,161.0,211.38559880300934,2646,0.7616412892442886
sprint<=1100,dry,7-9m,4.0,14.0,22.202386396367896,372,0.6305628480680018
sprint<=1100,dry,7-9m,5.0,1.0,1.2852392054456316,17,0.7780652782477714
sprint<=1100,dry,true,0.0,1392.0,833.5978170850483,5746,1.6698700158160087
sprint<=1100,dry,true,1.0,1166.0,1039.9030679557688,8579,1.1212583517924524
sprint<=1100,dry,true,2.0,2107.0,2227.0688401411257,21461,0.9460866058664279
sprint<=1100,dry,true,3.0,976.0,1424.6883339541018,19052,0.6850621127016564
sprint<=1100,dry,true,4.0,98.0,206.34184660873763,3784,0.47494001634009875
sprint<=1100,dry,true,5.0,1.0,4.936505770282385,145,0.2025724361591897
sprint<=1100,heavy,1-3m,0.0,46.0,30.21610505525902,203,1.5223669601318732
sprint<=1100,heavy,1-3m,1.0,38.0,32.62399055455086,302,1.1647869973619527
sprint<=1100,heavy,1-3m,2.0,84.0,82.07858799367065,766,1.0234094183793405
sprint<=1100,heavy,1-3m,3.0,35.0,53.66901912212797,650,0.6521453265310255
sprint<=1100,heavy,1-3m,4.0,0.0,4.140681646031824,80,0.0
sprint<=1100,heavy,1-3m,5.0,0.0,0.1212954504983628,4,0.0
sprint<=1100,heavy,10m+,0.0,9.0,6.722967360096905,58,1.3386945849860967
sprint<=1100,heavy,10m+,1.0,12.0,10.437514186798243,81,1.1496990361151362
sprint<=1100,heavy,10m+,2.0,28.0,24.183317436476234,238,1.1578229526841912
sprint<=1100,heavy,10m+,3.0,8.0,14.624214892585284,180,0.5470379134032098
sprint<=1100,heavy,10m+,4.0,1.0,1.877982792049024,24,0.532486242277504
sprint<=1100,heavy,10m+,5.0,0.0,0.1540033319943118,1,0.0
sprint<=1100,heavy,4-6m,0.0,63.0,39.22206825997045,270,1.6062385997195616
sprint<=1100,heavy,4-6m,1.0,51.0,47.254802489722486,402,1.0792553838542032
sprint<=1100,heavy,4-6m,2.0,102.0,107.67445782047581,1037,0.9472998709690579
sprint<=1100,heavy,4-6m,3.0,51.0,67.22680467619354,814,0.7586259713762686
sprint<=1100,heavy,4-6m,4.0,2.0,7.239470837983475,127,0.276263285640514
sprint<=1100,heavy,4-6m,5.0,0.0,0.34221867964611447,5,0.0
sprint<=1100,heavy,7-9m,0.0,28.0,21.103961894230256,157,1.3267650946458112
sprint<=1100,heavy,7-9m,1.0,33.0,29.077657704561133,234,1.1348919619073583
sprint<=1100,heavy,7-9m,2.0,64.0,63.17767485029687,602,1.0130160717635095
sprint<=1100,heavy,7-9m,3.0,29.0,38.96317218207601,481,0.7442925813248003
sprint<=1100,heavy,7-9m,4.0,3.0,4.191223146797625,74,0.7157815021832472
sprint<=1100,heavy,7-9m,5.0,0.0,0.04117697901503946,1,0.0
sprint<=1100,heavy,true,0.0,187.0,122.96339862705808,929,1.5207777443364408
sprint<=1100,heavy,true,1.0,192.0,174.08000582617217,1457,1.1029411395569568
sprint<=1100,heavy,true,2.0,370.0,377.11258720295353,3560,0.9811393534866931
sprint<=1100,heavy,true,3.0,168.0,221.48442914731297,2897,0.7585183330800217
sprint<=1100,heavy,true,4.0,12.0,31.842063352616005,537,0.37686000015492505
sprint<=1100,heavy,true,5.0,0.0,0.982519865369577,27,0.0
sprint<=1100,soft,1-3m,0.0,184.0,109.16500959669962,757,1.6855217681908476
sprint<=1100,soft,1-3m,1.0,144.0,136.08072109155836,1109,1.0581954507950715
sprint<=1100,soft,1-3m,2.0,276.0,297.39432418208696,2893,0.9280607515260185
sprint<=1100,soft,1-3m,3.0,136.0,187.67849609759963,2499,0.724643487814795
sprint<=1100,soft,1-3m,4.0,14.0,22.46663068948872,412,0.623146398473985
sprint<=1100,soft,1-3m,5.0,0.0,1.0291545207447628,19,0.0
sprint<=1100,soft,10m+,0.0,79.0,40.346430820984,283,1.958041848869379
sprint<=1100,soft,10m+,1.0,45.0,50.42223994897452,419,0.8924633266102094
sprint<=1100,soft,10m+,2.0,99.0,110.00290558116271,1079,0.8999762276911448
sprint<=1100,soft,10m+,3.0,57.0,74.58456006163554,988,0.7642332401357073
sprint<=1100,soft,10m+,4.0,3.0,7.090410122532511,103,0.42310669596760614
sprint<=1100,soft,10m+,5.0,0.0,0.19901119371722764,4,0.0
sprint<=1100,soft,4-6m,0.0,227.0,155.89024572884702,1051,1.4561526857481522
sprint<=1100,soft,4-6m,1.0,199.0,185.99460471472892,1564,1.0699235082932552
sprint<=1100,soft,4-6m,2.0,394.0,414.7534820133231,3980,0.9499618860037529
sprint<=1100,soft,4-6m,3.0,209.0,258.43801585750185,3448,0.8087045526430559
sprint<=1100,soft,4-6m,4.0,19.0,30.95983980279086,564,0.61369826591568
sprint<=1100,soft,4-6m,5.0,0.0,0.6198451910863984,18,0.0
sprint<=1100,soft,7-9m,0.0,133.0,84.2402623905648,586,1.5788174944585223
sprint<=1100,soft,7-9m,1.0,111.0,105.65381288066843,861,1.0506009861221939
sprint<=1100,soft,7-9m,2.0,228.0,230.80905768082806,2269,0.9878295171383069
sprint<=1100,soft,7-9m,3.0,107.0,148.97671436971007,1808,0.7182330503978093
sprint<=1100,soft,7-9m,4.0,4.0,12.989886507712075,230,0.30793186665835814
sprint<=1100,soft,7-9m,5.0,0.0,0.2421841207751062,7,0.0
sprint<=1100,soft,true,0.0,758.0,449.8326333846448,3176,1.685071165905934
sprint<=1100,soft,true,1.0,658.0,572.6306698461402,4728,1.1490827066192553
sprint<=1100,soft,true,2.0,1136.0,1258.7522361867561,12335,0.90248101837847
sprint<=1100,soft,true,3.0,579.0,784.3551715087424,10713,0.7381859915403726
sprint<=1100,soft,true,4.0,40.0,100.43401171188762,1925,0.3982714552391568
sprint<=1100,soft,true,5.0,0.0,3.1829149578906595,60,0.0
