band,gb,rl,b_pos,W,E,n,AE_raw
1200-1400,dry,1-3m,0,525.0,346.91566758739754,2810,1.5133360901543547
1200-1400,dry,1-3m,1,708.0,647.4711259383901,5619,1.0934850553742987
1200-1400,dry,1-3m,2,710.0,725.592464798319,7192,0.9785107128935621
1200-1400,dry,1-3m,3,489.0,576.8579875436408,6565,0.8476956383706239
1200-1400,dry,1-3m,4,375.0,510.16275413225253,7783,0.735059541220029
1200-1400,dry,10m+,0,192.0,121.02200147754175,979,1.5864883876972549
1200-1400,dry,10m+,1,224.0,227.44866149444508,1959,0.9848376267779034
1200-1400,dry,10m+,2,224.0,242.13579931041954,2404,0.925100710584438
1200-1400,dry,10m+,3,173.0,197.79031980157046,2222,0.8746636345679561
1200-1400,dry,10m+,4,166.0,190.60321791602317,2667,0.8709191891667697
1200-1400,dry,4-6m,0,809.0,495.0857229179567,3820,1.6340604516564978
1200-1400,dry,4-6m,1,985.0,887.1280303006906,7647,1.1103245150151955
1200-1400,dry,4-6m,2,934.0,973.6812940084794,9658,0.9592461165140409
1200-1400,dry,4-6m,3,639.0,763.580715240862,8867,0.8368466977304887
1200-1400,dry,4-6m,4,452.0,699.5242375320113,10444,0.6461534508006462
1200-1400,dry,7-9m,0,380.0,253.7473133115281,1985,1.4975528018043298
1200-1400,dry,7-9m,1,498.0,470.2525563995491,3972,1.059005407249451
1200-1400,dry,7-9m,2,495.0,501.21768218828686,4856,0.9875948466918788
1200-1400,dry,7-9m,3,338.0,392.79796157795596,4517,0.8604932638707684
1200-1400,dry,7-9m,4,274.0,366.98448652267996,5385,0.746625566100235
1200-1400,dry,true,0,2228.0,1393.3273269185272,11090,1.5990499554239197
1200-1400,dry,true,1,2760.0,2559.3471487075435,22193,1.0784000136104182
1200-1400,dry,true,2,2814.0,2850.7094374119797,28850,0.9871227011317903
1200-1400,dry,true,3,2005.0,2272.527080821645,26255,0.8822777149371003
1200-1400,dry,true,4,1278.0,2009.0890061403045,31008,0.6361091997886086
1200-1400,heavy,1-3m,0,97.0,53.04650524043463,413,1.8285841745906737
1200-1400,heavy,1-3m,1,93.0,96.21105827381571,826,0.9666248523670006
1200-1400,heavy,1-3m,2,100.0,101.1399512649949,985,0.9887289715810902
1200-1400,heavy,1-3m,3,65.0,84.27883199772461,931,0.7712494164816486
1200-1400,heavy,1-3m,4,58.0,78.32365322303015,1100,0.7405170419572026
1200-1400,heavy,10m+,0,16.0,16.993856160786336,138,0.9415167369087377
1200-1400,heavy,10m+,1,25.0,30.35606803710803,276,0.8235585705447545
1200-1400,heavy,10m+,2,41.0,34.42582031004854,324,1.1909665370568532
1200-1400,heavy,10m+,3,24.0,28.397625562117753,305,0.8451410822183614
1200-1400,heavy,10m+,4,32.0,27.826629929939337,367,1.1499775603645928
1200-1400,heavy,4-6m,0,107.0,59.91273643968174,519,1.7859307779694598
1200-1400,heavy,4-6m,1,129.0,120.90428019918181,1039,1.0669597452421125
1200-1400,heavy,4-6m,2,126.0,126.3147901352813,1185,0.9975078917128852
1200-1400,heavy,4-6m,3,85.0,110.45728967561477,1162,0.7695282063286505
1200-1400,heavy,4-6m,4,72.0,101.41090355024038,1367,0.709982827086539
1200-1400,heavy,7-9m,0,48.0,40.62599894403809,359,1.1815094089407998
1200-1400,heavy,7-9m,1,94.0,85.82757332103152,719,1.0952191278716472
1200-1400,heavy,7-9m,2,75.0,83.32481282004383,835,0.9000920309533381
1200-1400,heavy,7-9m,3,77.0,76.89911452806531,808,1.0013119198127811
1200-1400,heavy,7-9m,4,65.0,72.32250038682125,945,0.8987521124455541
1200-1400,heavy,true,0,357.0,229.8080807122822,1840,1.553470177782656
1200-1400,heavy,true,1,457.0,422.5285690271183,3681,1.081583669128582
1200-1400,heavy,true,2,420.0,442.14616239591754,4506,0.9499121234572949
1200-1400,heavy,true,3,338.0,391.18444413159557,4218,0.8640425381697843
1200-1400,heavy,true,4,267.0,353.3327437330864,4988,0.755661638315911
1200-1400,soft,1-3m,0,277.0,184.82379972116877,1484,1.498724733599738
1200-1400,soft,1-3m,1,347.0,333.64815074579764,2968,1.0400177529063392
1200-1400,soft,1-3m,2,394.0,384.92905627408754,3883,1.0235652351467424
1200-1400,soft,1-3m,3,271.0,305.2398199229274,3506,0.8878264967802272
1200-1400,soft,1-3m,4,194.0,274.35917333601867,4161,0.7071022909170251
1200-1400,soft,10m+,0,127.0,84.72989149426195,660,1.498880710930695
1200-1400,soft,10m+,1,150.0,146.09883062253894,1321,1.0267022628506872
1200-1400,soft,10m+,2,158.0,161.91958217690163,1654,0.9757930317988384
1200-1400,soft,10m+,3,125.0,139.0516519449396,1527,0.8989465299520235
1200-1400,soft,10m+,4,100.0,128.20004376135788,1819,0.7800309349827387
1200-1400,soft,4-6m,0,398.0,273.4749673820642,2154,1.4553434407909274
1200-1400,soft,4-6m,1,517.0,499.7902188649031,4308,1.0344340094813835
1200-1400,soft,4-6m,2,535.0,545.7533503324489,5451,0.980296318243583
1200-1400,soft,4-6m,3,394.0,437.3933480185298,5005,0.9007910197649108
1200-1400,soft,4-6m,4,310.0,397.5881154020538,5913,0.7797013743394168
1200-1400,soft,7-9m,0,256.0,163.90738275548202,1343,1.5618576521467753
1200-1400,soft,7-9m,1,319.0,312.46600651521726,2683,1.0209110538379942
1200-1400,soft,7-9m,2,360.0,338.41190932260446,3342,1.0637923491540477
1200-1400,soft,7-9m,3,228.0,275.34669983853837,3107,0.8280469681811978
1200-1400,soft,7-9m,4,178.0,250.8680015681579,3666,0.709536484873857
1200-1400,soft,true,0,1185.0,716.7274810354161,5958,1.6533480735077952
1200-1400,soft,true,1,1451.0,1370.4558390198783,11926,1.0587718032838804
1200-1400,soft,true,2,1509.0,1543.7762270400058,15752,0.9774732720773368
1200-1400,soft,true,3,1050.0,1218.5324007067734,14227,0.8616923106771546
1200-1400,soft,true,4,762.0,1107.5080521979264,16800,0.6880311149772304
1500-1800,dry,1-3m,0,242.0,167.48092391455398,1417,1.4449406794738273
1500-1800,dry,1-3m,1,319.0,315.2934316599456,2831,1.011755932626126
1500-1800,dry,1-3m,2,368.0,352.53012531043026,3416,1.0438824190583635
1500-1800,dry,1-3m,3,292.0,306.5075903717504,3238,0.9526680877489698
1500-1800,dry,1-3m,4,194.0,273.1879287433198,3793,0.7101338660621324
1500-1800,dry,10m+,0,63.0,48.47880662656571,449,1.2995369396217127
1500-1800,dry,10m+,1,107.0,94.99245839058761,898,1.1264052095592691
1500-1800,dry,10m+,2,131.0,118.66870132892886,1129,1.1039136565326602
1500-1800,dry,10m+,3,79.0,96.88786872925422,1038,0.8153755577053665
1500-1800,dry,10m+,4,69.0,89.97216492466359,1215,0.7669038536282392
1500-1800,dry,4-6m,0,295.0,202.16962489840503,1768,1.459170734220061
1500-1800,dry,4-6m,1,401.0,402.5653040769664,3534,0.9961116766370229
1500-1800,dry,4-6m,2,474.0,446.7632955571696,4260,1.0609645078583791
1500-1800,dry,4-6m,3,356.0,383.8745824866112,4038,0.9273862251935282
1500-1800,dry,4-6m,4,240.0,330.6271929808478,4712,0.725893105876208
1500-1800,dry,7-9m,0,146.0,112.20829116918443,954,1.3011516214952903
1500-1800,dry,7-9m,1,230.0,213.7963339330315,1911,1.0757901960659628
1500-1800,dry,7-9m,2,252.0,235.65150431160285,2293,1.069375732338969
1500-1800,dry,7-9m,3,194.0,202.4301047144195,2164,0.9583554791600174
1500-1800,dry,7-9m,4,132.0,189.9137658717617,2558,0.6950523012067082
1500-1800,dry,true,0,805.0,587.9410578831099,5071,1.3691848684601375
1500-1800,dry,true,1,1186.0,1137.9119610015307,10143,1.042259894127613
1500-1800,dry,true,2,1409.0,1301.9435573612034,12843,1.0822281749723315
1500-1800,dry,true,3,977.0,1063.0623063807843,11895,0.9190430270509872
1500-1800,dry,true,4,691.0,977.1411173733718,14018,0.7071650017731927
1500-1800,heavy,1-3m,0,29.0,22.421514822695396,191,1.2934005676835787
1500-1800,heavy,1-3m,1,31.0,40.413469763624555,382,0.7670709835437726
1500-1800,heavy,1-3m,2,58.0,50.01693032642275,458,1.159607349381055
1500-1800,heavy,1-3m,3,37.0,39.89257326138588,434,0.9274909331510647
1500-1800,heavy,1-3m,4,36.0,38.255511825871416,511,0.9410408665779225
1500-1800,heavy,10m+,0,8.0,6.552421360727461,56,1.2209227031626406
1500-1800,heavy,10m+,1,10.0,12.465097515296891,112,0.8022400135841875
1500-1800,heavy,10m+,2,16.0,12.430459696960247,135,1.2871607639669715
1500-1800,heavy,10m+,3,10.0,12.642774559009993,128,0.790965618608884
1500-1800,heavy,10m+,4,12.0,11.90924686800541,153,1.0076203922045148
1500-1800,heavy,4-6m,0,45.0,27.414486800328216,265,1.641467897165277
1500-1800,heavy,4-6m,1,60.0,58.54630004566137,531,1.0248299201350872
1500-1800,heavy,4-6m,2,59.0,66.29223051043572,650,0.8899987154710721
1500-1800,heavy,4-6m,3,48.0,56.323944344923675,603,0.8522130429298691
1500-1800,heavy,4-6m,4,53.0,56.42303829865102,727,0.9393326130270999
1500-1800,heavy,7-9m,0,26.0,17.67305743773789,164,1.4711659310562362
1500-1800,heavy,7-9m,1,40.0,40.279465461495874,328,0.993061837879576
1500-1800,heavy,7-9m,2,37.0,39.59846636655398,378,0.9343796211070255
1500-1800,heavy,7-9m,3,29.0,34.02181462087119,367,0.8523942747665646
1500-1800,heavy,7-9m,4,32.0,32.42719611334106,430,0.9868259928534091
1500-1800,heavy,true,0,139.0,95.2812245928626,820,1.4588393526001378
1500-1800,heavy,true,1,191.0,186.5081385921847,1642,1.0240839967720503
1500-1800,heavy,true,2,206.0,201.86115171937337,2052,1.0205034413277323
1500-1800,heavy,true,3,155.0,174.72766408503318,1927,0.8870947872602905
1500-1800,heavy,true,4,129.0,161.62182101054614,2249,0.7981595504457439
1500-1800,soft,1-3m,0,101.0,73.66460885929375,679,1.3710790237537185
1500-1800,soft,1-3m,1,185.0,151.57779583652913,1360,1.220495383106873
1500-1800,soft,1-3m,2,158.0,176.47354651304852,1711,0.8953183245983977
1500-1800,soft,1-3m,3,141.0,144.34080027569945,1587,0.9768547751618508
1500-1800,soft,1-3m,4,94.0,132.94324851542913,1869,0.7070686255202387
1500-1800,soft,10m+,0,35.0,30.00214689808043,271,1.1665831821601853
1500-1800,soft,10m+,1,56.0,58.15161662040053,543,0.9629998829706531
1500-1800,soft,10m+,2,72.0,69.8715559718438,693,1.0304622388689024
1500-1800,soft,10m+,3,52.0,53.9532861298158,629,0.9637967161978597
1500-1800,soft,10m+,4,56.0,59.02139437985943,761,0.948808488657285
1500-1800,soft,4-6m,0,154.0,111.08145447825505,977,1.386370035604337
1500-1800,soft,4-6m,1,233.0,215.58658782926096,1955,1.0807722425874193
1500-1800,soft,4-6m,2,252.0,246.3608735249408,2465,1.0228896999526522
1500-1800,soft,4-6m,3,196.0,210.02318461046534,2291,0.9332303019951134
1500-1800,soft,4-6m,4,142.0,193.94789955707782,2680,0.73215538979431
1500-1800,soft,7-9m,0,86.0,60.63397898604158,584,1.4183466339855062
1500-1800,soft,7-9m,1,123.0,126.22586176211917,1169,0.974443733502105
1500-1800,soft,7-9m,2,165.0,151.46664870928126,1479,1.0893487206988655
1500-1800,soft,7-9m,3,113.0,128.5777563840765,1358,0.8788456353403464
1500-1800,soft,7-9m,4,97.0,117.09575415848147,1599,0.8283818717177125
1500-1800,soft,true,0,416.0,295.1909683940832,2600,1.4092572081834
1500-1800,soft,true,1,609.0,579.2233188778256,5202,1.051407946040334
1500-1800,soft,true,2,657.0,667.9139266119278,6861,0.9836596810201429
1500-1800,soft,true,3,545.0,552.9584069953864,6216,0.9856075847754443
1500-1800,soft,true,4,373.0,504.713379120777,7299,0.7390333116387267
2000+,dry,1-3m,0,93.0,64.26659548161385,597,1.4470970385634718
2000+,dry,1-3m,1,133.0,127.79978125308818,1193,1.0406903571815476
2000+,dry,1-3m,2,163.0,154.94384852720876,1524,1.051994006534416
2000+,dry,1-3m,3,121.0,130.26829655568187,1400,0.9288522472409837
2000+,dry,1-3m,4,86.0,118.72147818240732,1628,0.7243845116876574
2000+,dry,10m+,0,19.0,17.83187984078269,173,1.0655074041350223
2000+,dry,10m+,1,36.0,34.374156096170566,347,1.0472984383756423
2000+,dry,10m+,2,54.0,43.16169246594162,461,1.251109419367898
2000+,dry,10m+,3,37.0,39.59408026265717,417,0.9344831286533568
2000+,dry,10m+,4,27.0,38.03819133444795,490,0.7098129288694228
2000+,dry,4-6m,0,113.0,81.65976793469223,803,1.3837903640673124
2000+,dry,4-6m,1,193.0,169.04514613675224,1608,1.1417068422885626
2000+,dry,4-6m,2,205.0,206.47619280910953,1964,0.9928505422875833
2000+,dry,4-6m,3,161.0,176.95578419750652,1845,0.9098318019393041
2000+,dry,4-6m,4,131.0,168.8631089219395,2182,0.775776312756136
2000+,dry,7-9m,0,62.0,45.3723790652002,433,1.3664701141393947
2000+,dry,7-9m,1,88.0,91.76325880867248,868,0.9589894816560632
2000+,dry,7-9m,2,110.0,116.36630013547962,1101,0.9452908606008127
2000+,dry,7-9m,3,96.0,90.40692747926663,1010,1.0618655304043603
2000+,dry,7-9m,4,77.0,89.09113451138107,1189,0.8642835274497883
2000+,dry,true,0,341.0,270.0441712916557,2439,1.2627563793321424
2000+,dry,true,1,530.0,535.5266252377464,4880,0.9896800178043568
2000+,dry,true,2,655.0,602.2940114046368,6016,1.0875087375888817
2000+,dry,true,3,530.0,535.5645312544258,5639,0.989609970545674
2000+,dry,true,4,382.0,494.57066081153533,6602,0.7723871031354358
2000+,heavy,1-3m,0,19.0,10.241003981904559,84,1.8552868482008438
2000+,heavy,1-3m,1,22.0,18.25520638700677,169,1.2051356491734109
2000+,heavy,1-3m,2,11.0,17.765413464444446,184,0.6191806355655786
2000+,heavy,1-3m,3,20.0,20.420829612859798,189,0.979392139259867
2000+,heavy,1-3m,4,12.0,17.317546553784428,218,0.6929388041620493
2000+,heavy,10m+,0,3.0,5.306361791281675,41,0.5653591138336976
2000+,heavy,10m+,1,17.0,9.926725433148203,82,1.7125486258773805
2000+,heavy,10m+,2,12.0,9.788073947747103,102,1.225981747181427
2000+,heavy,10m+,3,3.0,7.73410787196232,92,0.3878921848084893
2000+,heavy,10m+,4,6.0,8.244730955860701,108,0.7277375128578268
2000+,heavy,4-6m,0,29.0,18.65363144181744,170,1.554657069882287
2000+,heavy,4-6m,1,42.0,35.18586940256253,342,1.1936609983819586
2000+,heavy,4-6m,2,46.0,41.44975370628814,404,1.109777402441394
2000+,heavy,4-6m,3,28.0,39.417854987205395,387,0.7103379930005956
2000+,heavy,4-6m,4,25.0,35.29289046212649,443,0.708357963109539
2000+,heavy,7-9m,0,16.0,14.580060719124061,126,1.0973891198555479
2000+,heavy,7-9m,1,35.0,26.72115248640759,252,1.3098237442342227
2000+,heavy,7-9m,2,32.0,30.52783709238405,315,1.0482236230218622
2000+,heavy,7-9m,3,24.0,25.889361934373444,292,0.9270216879364289
2000+,heavy,7-9m,4,19.0,28.28158776771086,336,0.6718151808185372
2000+,heavy,true,0,80.0,56.18968834572246,480,1.423748775892439
2000+,heavy,true,1,118.0,108.79257789652105,961,1.0846328148620272
2000+,heavy,true,2,122.0,116.61668357759467,1128,1.0461624894247945
2000+,heavy,true,3,93.0,101.41905067319584,1101,0.9169874829500754
2000+,heavy,true,4,66.0,95.98199950696598,1259,0.6876289339566216
2000+,soft,1-3m,0,50.0,36.60120307622594,363,1.3660753144061855
2000+,soft,1-3m,1,79.0,80.87816787875944,726,0.9767778137410962
2000+,soft,1-3m,2,89.0,87.92576125272076,902,1.0122175655004182
2000+,soft,1-3m,3,95.0,85.55931438281858,840,1.1103408282930003
2000+,soft,1-3m,4,50.0,72.03555340947526,988,0.6941016988622623
2000+,soft,10m+,0,22.0,14.15779033848387,133,1.5539148040778188
2000+,soft,10m+,1,23.0,27.631409042864174,266,0.8323860706604017
2000+,soft,10m+,2,42.0,31.612794706383436,319,1.3285759892502993
2000+,soft,10m+,3,24.0,31.079800069236516,311,0.772205739629443
2000+,soft,10m+,4,22.0,28.518205843032003,358,0.7714370294222198
2000+,soft,4-6m,0,71.0,49.0342553699063,472,1.4479673335383145
2000+,soft,4-6m,1,103.0,106.76901831418026,944,0.9646993259496919
2000+,soft,4-6m,2,125.0,119.16629738418939,1141,1.0489542995281869
2000+,soft,4-6m,3,96.0,99.70646623813805,1079,0.9628262200238292
2000+,soft,4-6m,4,76.0,96.323962693586,1257,0.7890040844951728
2000+,soft,7-9m,0,51.0,35.688805429441324,325,1.4290195310916116
2000+,soft,7-9m,1,73.0,72.82871667075237,652,1.0023518652679544
2000+,soft,7-9m,2,95.0,83.6030711717952,785,1.136321891869084
2000+,soft,7-9m,3,61.0,67.09022272689262,745,0.909223393821714
2000+,soft,7-9m,4,45.0,65.7891840011185,861,0.6840030117904327
2000+,soft,true,0,219.0,168.16041379920244,1414,1.3023279085261068
2000+,soft,true,1,322.0,316.52742166462,2826,1.0172894288482168
2000+,soft,true,2,360.0,348.9266782023074,3528,1.0317353830745848
2000+,soft,true,3,308.0,298.65885915575336,3292,1.0312769588374244
2000+,soft,true,4,203.0,279.72662717811676,3840,0.7257085321045935
sprint<=1100,dry,1-3m,0,343.0,208.68105351567226,1415,1.643656643578523
sprint<=1100,dry,1-3m,1,379.0,339.5180567094292,2829,1.1162881988464042
sprint<=1100,dry,1-3m,2,331.0,337.7007023738311,3159,0.980157866635369
sprint<=1100,dry,1-3m,3,208.0,280.3913962486397,3114,0.7418201941387461
sprint<=1100,dry,1-3m,4,153.0,247.70879115242778,3679,0.6176607591849711
sprint<=1100,dry,10m+,0,95.0,63.759614738301785,409,1.489971361808299
sprint<=1100,dry,10m+,1,103.0,98.05533129565202,818,1.050427331579137
sprint<=1100,dry,10m+,2,100.0,95.20746023728623,915,1.050337859562363
sprint<=1100,dry,10m+,3,68.0,79.60189000927852,900,0.8542510735872454
sprint<=1100,dry,10m+,4,43.0,72.37570371948144,1058,0.5941220297720663
sprint<=1100,dry,4-6m,0,439.0,246.78317203632386,1675,1.778889526289839
sprint<=1100,dry,4-6m,1,451.0,418.2725432744884,3348,1.0782443343502814
sprint<=1100,dry,4-6m,2,349.0,384.1756739794152,3629,0.9084385702638216
sprint<=1100,dry,4-6m,3,254.0,327.7332408777958,3624,0.775020560379198
sprint<=1100,dry,4-6m,4,180.0,296.0353698319767,4273,0.608035452325052
sprint<=1100,dry,7-9m,0,196.0,126.45468638462542,852,1.549962327246972
sprint<=1100,dry,7-9m,1,230.0,206.11596082700586,1702,1.1158767088058752
sprint<=1100,dry,7-9m,2,159.0,187.3347651100942,1858,0.8487479614718484
sprint<=1100,dry,7-9m,3,157.0,171.99714217757077,1851,0.9128058641690242
sprint<=1100,dry,7-9m,4,109.0,159.09744550070374,2171,0.6851147085169124
sprint<=1100,dry,true,0,1492.0,890.2743253764262,6128,1.675887934170349
sprint<=1100,dry,true,1,1703.0,1522.2731556097053,12267,1.1187216917833052
sprint<=1100,dry,true,2,1373.0,1435.7357285937414,14288,0.9563041252339739
sprint<=1100,dry,true,3,898.0,1203.3860290753412,13748,0.7462277093992906
sprint<=1100,dry,true,4,663.0,1077.3307613447857,16299,0.6154098850499781
sprint<=1100,heavy,1-3m,0,49.0,31.729696139592818,216,1.5442946501733756
sprint<=1100,heavy,1-3m,1,57.0,47.777401741782526,430,1.1930326456022426
sprint<=1100,heavy,1-3m,2,46.0,49.87657630180577,457,0.9222766158136355
sprint<=1100,heavy,1-3m,3,41.0,46.647779149816934,474,0.8789271589612407
sprint<=1100,heavy,1-3m,4,22.0,38.96854666700195,547,0.5645578776133653
sprint<=1100,heavy,10m+,0,9.0,6.722967360096905,58,1.3386945849860967
sprint<=1100,heavy,10m+,1,16.0,14.88271996513526,116,1.0750723011305807
sprint<=1100,heavy,10m+,2,16.0,12.10650385374859,130,1.3216036762789984
sprint<=1100,heavy,10m+,3,11.0,12.133717787216439,127,0.906564681402853
sprint<=1100,heavy,10m+,4,6.0,12.154091033802809,151,0.49366093962213
sprint<=1100,heavy,4-6m,0,64.0,40.41569487281836,279,1.5835432299604801
sprint<=1100,heavy,4-6m,1,78.0,66.33013153076506,556,1.1759361575187328
sprint<=1100,heavy,4-6m,2,49.0,62.775878382669255,586,0.780554589794917
sprint<=1100,heavy,4-6m,3,48.0,56.218293263503504,598,0.8538146075516178
sprint<=1100,heavy,4-6m,4,39.0,52.26000195024383,717,0.7462686288670917
sprint<=1100,heavy,7-9m,0,28.0,21.570291393709834,161,1.298081675807363
sprint<=1100,heavy,7-9m,1,39.0,38.578500876321804,323,1.0109257517556078
sprint<=1100,heavy,7-9m,2,43.0,38.13095199612184,348,1.127692799392299
sprint<=1100,heavy,7-9m,3,31.0,34.6260256327132,357,0.895280339962335
sprint<=1100,heavy,7-9m,4,20.0,28.094230101133324,405,0.7118899477937001
sprint<=1100,heavy,true,0,206.0,130.45190736957653,998,1.5791260101425124
sprint<=1100,heavy,true,1,267.0,243.57679086105776,1997,1.0961635509530274
sprint<=1100,heavy,true,2,234.0,241.19375441544773,2290,0.9701743752325496
sprint<=1100,heavy,true,3,175.0,208.83432443663233,2238,0.8379848498185993
sprint<=1100,heavy,true,4,116.0,173.94322291728562,2588,0.666884274388551
sprint<=1100,soft,1-3m,0,191.0,114.01879100965529,792,1.6751624737349287
sprint<=1100,soft,1-3m,1,219.0,192.82682076315547,1580,1.1357341221167174
sprint<=1100,soft,1-3m,2,174.0,190.11071072531166,1837,0.9152561648744252
sprint<=1100,soft,1-3m,3,101.0,154.24622069870935,1781,0.6547972426325069
sprint<=1100,soft,1-3m,4,105.0,138.79745680316825,2079,0.7564980109751062
sprint<=1100,soft,10m+,0,79.0,40.346430820984,283,1.958041848869379
sprint<=1100,soft,10m+,1,63.0,70.91783792521356,566,0.8883519554901924
sprint<=1100,soft,10m+,2,53.0,64.0809481841403,648,0.8270788978917953
sprint<=1100,soft,10m+,3,48.0,53.65492335189063,632,0.8946056950859222
sprint<=1100,soft,10m+,4,40.0,53.99985971777153,750,0.7407426650561441
sprint<=1100,soft,4-6m,0,232.0,159.57382235391705,1066,1.4538725498813314
sprint<=1100,soft,4-6m,1,294.0,261.5715285286202,2129,1.1239755398983784
sprint<=1100,soft,4-6m,2,225.0,244.91659814888968,2427,0.9186800800785989
sprint<=1100,soft,4-6m,3,165.0,207.07426680593431,2347,0.7968155703027772
sprint<=1100,soft,4-6m,4,147.0,189.86378416263872,2812,0.7742392823798282
sprint<=1100,soft,7-9m,0,135.0,84.80404514194768,591,1.5919051947820737
sprint<=1100,soft,7-9m,1,155.0,142.99540136496418,1175,1.083950941921529
sprint<=1100,soft,7-9m,2,124.0,135.19094175795044,1279,0.9172212160635214
sprint<=1100,soft,7-9m,3,97.0,114.09238975213029,1274,0.850188169524154
sprint<=1100,soft,7-9m,4,77.0,110.9172219830074,1500,0.6942114003882685
sprint<=1100,soft,true,0,806.0,480.2167335335566,3384,1.678408817762862
sprint<=1100,soft,true,1,923.0,831.0072771428765,6775,1.1107002614627008
sprint<=1100,soft,true,2,730.0,805.8143489105252,8158,0.9059158613729981
sprint<=1100,soft,true,3,525.0,673.412141479765,7702,0.779611723136381
sprint<=1100,soft,true,4,399.0,592.5494989332767,9152,0.6733614672163091
