band,b_pos,W,E,n,AE_raw
1200-1400,0,7715.0,4882.460535806953,38874,1.5801459004982816
1200-1400,1,9638.0,9023.542343855872,77790,1.0680949490487528
1200-1400,2,9704.0,9833.582153049589,98394,0.9868224873669863
1200-1400,3,6838.0,7941.136952619056,90665,0.8610857665343208
1200-1400,4,4967.0,7181.278014668532,107103,0.6916596168334339
1500-1800,0,2868.0,2039.9476529834462,17724,1.4059184292329845
1500-1800,1,4117.0,3958.750759813938,35465,1.0399745398958886
1500-1800,2,4661.0,4490.573933163075,44170,1.0379519565591209
1500-1800,3,3503.0,3767.6642428319838,41159,0.92975376101108
1500-1800,4,2568.0,3460.063411207557,48427,0.742182929850922
2000+,0,1272.0,954.2273375983225,8640,1.3330156765383327
2000+,1,1952.0,1895.7249702326847,17292,1.0296852289498555
2000+,2,2259.0,2146.0505393672706,21229,1.0526313143892831
2000+,3,1822.0,1882.0792267421327,19981,0.9680782690290198
2000+,4,1329.0,1755.9179260595895,23302,0.7568690883988951
sprint<=1100,0,4911.0,2949.290602684303,20293,1.6651461865203256
sprint<=1100,1,5574.0,5005.719302197388,40571,1.1135262813384583
sprint<=1100,2,4440.0,4730.127116458853,46115,0.9386639916188863
sprint<=1100,3,3076.0,4005.829667741427,45031,0.7678808774049335
sprint<=1100,4,2273.0,3583.0333109180283,53112,0.6343786961382233
