band,gb,b_pos,W,E,n,AE_raw
1200-1400,dry,0,4269.0,2696.8115345327283,21363,1.5829804735463957
1200-1400,dry,1,5332.0,4946.139018979058,42749,1.078012562837465
1200-1400,dry,2,5376.0,5472.321474455144,54701,0.982398425438861
1200-1400,dry,3,3741.0,4338.059512266324,49993,0.8623671458222103
1200-1400,dry,4,2636.0,3900.668459766745,59163,0.675781606970419
1200-1400,heavy,0,632.0,406.38917108989466,3313,1.5551595489245935
1200-1400,heavy,1,809.0,767.0948770304682,6629,1.054628344190946
1200-1400,heavy,2,768.0,796.0574055300674,7928,0.9647545449170404
1200-1400,heavy,3,597.0,699.7997710627711,7519,0.8531011650566114
1200-1400,heavy,4,506.0,642.6587752867986,8884,0.7873540663537785
1200-1400,soft,0,2294.0,1459.286909501887,11896,1.5720006703705949
1200-1400,soft,1,2851.0,2729.783196633512,23801,1.0444052859274604
1200-1400,soft,2,3022.0,3050.7769019858993,30827,0.9905673528709468
1200-1400,soft,3,2131.0,2433.517434468817,28054,0.8756871719167075
1200-1400,soft,4,1594.0,2218.6355574098848,33178,0.7184595931838815
1500-1800,dry,0,1599.0,1150.5845794401087,9966,1.389728342072946
1500-1800,dry,1,2307.0,2227.908655989463,19931,1.0355002633514212
1500-1800,dry,2,2717.0,2534.4550752129635,24709,1.0720253148585392
1500-1800,dry,3,1958.0,2119.9831176915304,23083,0.9235922605516239
1500-1800,dry,4,1378.0,1926.068571665934,27135,0.7154470096607788
1500-1800,heavy,0,248.0,171.64788435421454,1515,1.444818273951017
1500-1800,heavy,1,335.0,342.9336697803294,3033,0.9768652935554231
1500-1800,heavy,2,382.0,374.6622165963258,3712,1.019585063768467
1500-1800,heavy,3,284.0,321.69423206813747,3501,0.8828259001543008
1500-1800,heavy,4,266.0,304.06199720099283,4122,0.8748215904934912
1500-1800,soft,0,803.0,583.8705040076647,5240,1.3753049597269238
1500-1800,soft,1,1236.0,1159.473378233838,10487,1.066001189162903
1500-1800,soft,2,1340.0,1343.5631752171087,13523,0.9973479660035094
1500-1800,soft,3,1082.0,1120.7777017444819,12380,0.9654010766951157
1500-1800,soft,4,779.0,1032.3152407969067,14556,0.7546144522661922
2000+,dry,0,643.0,490.44124684848373,4565,1.3110642796294978
2000+,dry,1,1014.0,985.4603060913878,9137,1.0289607747082261
2000+,dry,2,1219.0,1151.868623221375,11365,1.0582804109993742
2000+,dry,3,968.0,1001.0213826076891,10594,0.9670123104446905
2000+,dry,4,719.0,934.2084412310643,12416,0.7696355205831037
2000+,heavy,0,148.0,105.81369627239658,908,1.3986847186493048
2000+,heavy,1,236.0,200.54404167144872,1820,1.1767988619010619
2000+,heavy,2,225.0,217.41683600066176,2149,1.034878458075414
2000+,heavy,3,168.0,196.29539621989488,2077,0.855852980942061
2000+,heavy,4,130.0,186.93002983559805,2382,0.6954473827149812
2000+,soft,0,419.0,307.87975273945744,2751,1.3609209318632194
2000+,soft,1,611.0,613.0172463878699,5502,0.9967093154397265
2000+,soft,2,717.0,681.9236558281705,6782,1.0514373476738106
2000+,soft,3,596.0,592.0167617395235,6369,1.0067282525055077
2000+,soft,4,405.0,553.1625833049786,7427,0.7321536420273546
sprint<=1100,dry,0,2637.0,1581.0701352434317,10776,1.6678577004390704
sprint<=1100,dry,1,2957.0,2659.5591395816377,21559,1.1118384080999046
sprint<=1100,dry,2,2364.0,2511.472412010504,24479,0.9412804969287129
sprint<=1100,dry,3,1630.0,2119.0766468663733,23871,0.7692029462031942
sprint<=1100,dry,4,1185.0,1901.8216662980535,28229,0.6230868125015286
sprint<=1100,heavy,0,365.0,235.03445973827934,1734,1.5529637671277765
sprint<=1100,heavy,1,460.0,415.48498706008735,3466,1.1071398830915518
sprint<=1100,heavy,2,391.0,408.7384912762103,3860,0.9566018575328564
sprint<=1100,heavy,3,310.0,362.98227810285437,3840,0.8540361849626131
sprint<=1100,heavy,4,206.0,309.75978382256864,4462,0.6650314558522465
sprint<=1100,soft,0,1479.0,903.650085353553,6279,1.6366954687126947
sprint<=1100,soft,1,1702.0,1540.1399642993015,12551,1.1050943676890679
sprint<=1100,soft,2,1345.0,1477.500349749234,14708,0.9103212735132534
sprint<=1100,soft,3,958.0,1232.2970204569315,14093,0.7774099783547127
sprint<=1100,soft,4,786.0,1116.41258014098,16715,0.7040407945785995
