band,bg,gb,rl,n,mean
1200-1400,1-3,dry,1-3m,2049,3.71
1200-1400,1-3,dry,10m+,810,2.446
1200-1400,1-3,dry,4-6m,3783,3.657
1200-1400,1-3,dry,7-9m,2047,3.386
1200-1400,1-3,dry,true,4726,3.774
1200-1400,1-3,heavy,1-3m,201,5.701
1200-1400,1-3,heavy,10m+,82,3.878
1200-1400,1-3,heavy,4-6m,407,4.703
1200-1400,1-3,heavy,7-9m,257,4.331
1200-1400,1-3,heavy,true,520,4.827
1200-1400,1-3,soft,1-3m,1014,3.863
1200-1400,1-3,soft,10m+,615,3.756
1200-1400,1-3,soft,4-6m,2294,3.503
1200-1400,1-3,soft,7-9m,1252,4.01
1200-1400,1-3,soft,true,2284,4.057
1200-1400,10-12,dry,1-3m,833,6.559
1200-1400,10-12,dry,10m+,354,5.715
1200-1400,10-12,dry,4-6m,1548,6.372
1200-1400,10-12,dry,7-9m,877,6.325
1200-1400,10-12,dry,true,2056,7.152
1200-1400,10-12,heavy,1-3m,48,9.229
1200-1400,10-12,heavy,10m+,24,9.667
1200-1400,10-12,heavy,4-6m,142,9.521
1200-1400,10-12,heavy,7-9m,67,7.373
1200-1400,10-12,heavy,true,204,9.848
1200-1400,10-12,soft,1-3m,472,7.417
1200-1400,10-12,soft,10m+,235,7.391
1200-1400,10-12,soft,4-6m,964,6.83
1200-1400,10-12,soft,7-9m,582,6.823
1200-1400,10-12,soft,true,1106,7.833
1200-1400,13+,dry,1-3m,240,6.654
1200-1400,13+,dry,10m+,41,6.244
1200-1400,13+,dry,4-6m,405,7.654
1200-1400,13+,dry,7-9m,186,8.204
1200-1400,13+,dry,true,578,7.896
1200-1400,13+,heavy,1-3m,5,11.4
1200-1400,13+,heavy,10m+,4,7.0
1200-1400,13+,heavy,4-6m,29,11.828
1200-1400,13+,heavy,7-9m,5,9.6
1200-1400,13+,heavy,true,52,9.423
1200-1400,13+,soft,1-3m,173,8.89
1200-1400,13+,soft,10m+,33,7.97
1200-1400,13+,soft,4-6m,195,8.133
1200-1400,13+,soft,7-9m,139,8.669
1200-1400,13+,soft,true,336,8.875
1200-1400,4-6,dry,1-3m,2064,5.157
1200-1400,4-6,dry,10m+,822,3.891
1200-1400,4-6,dry,4-6m,3797,4.917
1200-1400,4-6,dry,7-9m,2060,4.539
1200-1400,4-6,dry,true,4747,5.307
1200-1400,4-6,heavy,1-3m,198,7.035
1200-1400,4-6,heavy,10m+,82,6.366
1200-1400,4-6,heavy,4-6m,401,6.277
1200-1400,4-6,heavy,7-9m,257,5.385
1200-1400,4-6,heavy,true,521,6.825
1200-1400,4-6,soft,1-3m,1016,5.406
1200-1400,4-6,soft,10m+,619,5.15
1200-1400,4-6,soft,4-6m,2306,4.906
1200-1400,4-6,soft,7-9m,1254,5.313
1200-1400,4-6,soft,true,2296,5.539
1200-1400,7-9,dry,1-3m,1737,5.93
1200-1400,7-9,dry,10m+,723,4.726
1200-1400,7-9,dry,4-6m,3273,5.614
1200-1400,7-9,dry,7-9m,1774,5.307
1200-1400,7-9,dry,true,4022,6.339
1200-1400,7-9,heavy,1-3m,152,8.441
1200-1400,7-9,heavy,10m+,66,8.273
1200-1400,7-9,heavy,4-6m,314,7.643
1200-1400,7-9,heavy,7-9m,189,6.254
1200-1400,7-9,heavy,true,439,8.253
1200-1400,7-9,soft,1-3m,860,6.478
1200-1400,7-9,soft,10m+,511,6.041
1200-1400,7-9,soft,4-6m,1901,5.845
1200-1400,7-9,soft,7-9m,1089,5.994
1200-1400,7-9,soft,true,1984,6.582
1500-1800,1-3,dry,1-3m,1081,5.114
1500-1800,1-3,dry,10m+,368,4.557
1500-1800,1-3,dry,4-6m,1897,4.944
1500-1800,1-3,dry,7-9m,1043,5.114
1500-1800,1-3,dry,true,2272,5.707
1500-1800,1-3,heavy,1-3m,75,7.293
1500-1800,1-3,heavy,10m+,66,5.576
1500-1800,1-3,heavy,4-6m,194,5.562
1500-1800,1-3,heavy,7-9m,155,5.684
1500-1800,1-3,heavy,true,251,7.574
1500-1800,1-3,soft,1-3m,484,5.824
1500-1800,1-3,soft,10m+,338,6.811
1500-1800,1-3,soft,4-6m,1025,5.34
1500-1800,1-3,soft,7-9m,647,5.457
1500-1800,1-3,soft,true,1100,5.742
1500-1800,10-12,dry,1-3m,349,8.814
1500-1800,10-12,dry,10m+,147,8.279
1500-1800,10-12,dry,4-6m,680,8.24
1500-1800,10-12,dry,7-9m,425,9.16
1500-1800,10-12,dry,true,904,9.59
1500-1800,10-12,heavy,1-3m,33,12.758
1500-1800,10-12,heavy,10m+,20,11.45
1500-1800,10-12,heavy,4-6m,72,10.917
1500-1800,10-12,heavy,7-9m,33,9.697
1500-1800,10-12,heavy,true,100,12.25
1500-1800,10-12,soft,1-3m,206,9.068
1500-1800,10-12,soft,10m+,157,10.497
1500-1800,10-12,soft,4-6m,417,9.254
1500-1800,10-12,soft,7-9m,310,9.677
1500-1800,10-12,soft,true,558,9.76
1500-1800,13+,dry,1-3m,80,10.888
1500-1800,13+,dry,10m+,29,6.759
1500-1800,13+,dry,4-6m,161,9.714
1500-1800,13+,dry,7-9m,79,11.392
1500-1800,13+,dry,true,231,10.221
1500-1800,13+,heavy,1-3m,9,18.667
1500-1800,13+,heavy,10m+,6,11.833
1500-1800,13+,heavy,4-6m,15,11.467
1500-1800,13+,heavy,7-9m,2,9.5
1500-1800,13+,heavy,true,27,10.852
1500-1800,13+,soft,1-3m,71,10.634
1500-1800,13+,soft,10m+,42,11.857
1500-1800,13+,soft,4-6m,108,10.204
1500-1800,13+,soft,7-9m,69,13.174
1500-1800,13+,soft,true,171,11.76
1500-1800,4-6,dry,1-3m,1095,6.701
1500-1800,4-6,dry,10m+,381,6.11
1500-1800,4-6,dry,4-6m,1915,6.651
1500-1800,4-6,dry,7-9m,1062,6.924
1500-1800,4-6,dry,true,2278,7.495
1500-1800,4-6,heavy,1-3m,74,10.216
1500-1800,4-6,heavy,10m+,66,8.152
1500-1800,4-6,heavy,4-6m,193,7.56
1500-1800,4-6,heavy,7-9m,157,7.522
1500-1800,4-6,heavy,true,248,9.395
1500-1800,4-6,soft,1-3m,482,7.649
1500-1800,4-6,soft,10m+,346,8.642
1500-1800,4-6,soft,4-6m,1032,6.859
1500-1800,4-6,soft,7-9m,656,7.047
1500-1800,4-6,soft,true,1099,7.677
1500-1800,7-9,dry,1-3m,927,7.694
1500-1800,7-9,dry,10m+,323,7.217
1500-1800,7-9,dry,4-6m,1586,7.547
1500-1800,7-9,dry,7-9m,885,7.647
1500-1800,7-9,dry,true,1873,8.698
1500-1800,7-9,heavy,1-3m,59,11.424
1500-1800,7-9,heavy,10m+,51,9.784
1500-1800,7-9,heavy,4-6m,150,8.94
1500-1800,7-9,heavy,7-9m,98,8.602
1500-1800,7-9,heavy,true,195,10.785
1500-1800,7-9,soft,1-3m,415,8.725
1500-1800,7-9,soft,10m+,296,9.291
1500-1800,7-9,soft,4-6m,865,8.251
1500-1800,7-9,soft,7-9m,553,8.228
1500-1800,7-9,soft,true,939,8.867
2000+,1-3,dry,1-3m,514,7.074
2000+,1-3,dry,10m+,170,5.782
2000+,1-3,dry,4-6m,847,6.732
2000+,1-3,dry,7-9m,496,7.145
2000+,1-3,dry,true,1158,7.971
2000+,1-3,heavy,1-3m,39,6.872
2000+,1-3,heavy,10m+,24,8.875
2000+,1-3,heavy,4-6m,83,8.771
2000+,1-3,heavy,7-9m,54,7.759
2000+,1-3,heavy,true,134,8.843
2000+,1-3,soft,1-3m,273,6.747
2000+,1-3,soft,10m+,137,6.92
2000+,1-3,soft,4-6m,418,8.471
2000+,1-3,soft,7-9m,278,7.662
2000+,1-3,soft,true,608,8.326
2000+,10-12,dry,1-3m,181,10.249
2000+,10-12,dry,10m+,77,9.974
2000+,10-12,dry,4-6m,365,10.786
2000+,10-12,dry,7-9m,212,10.288
2000+,10-12,dry,true,532,12.389
2000+,10-12,heavy,1-3m,12,12.667
2000+,10-12,heavy,10m+,19,12.684
2000+,10-12,heavy,4-6m,32,12.812
2000+,10-12,heavy,7-9m,39,11.923
2000+,10-12,heavy,true,71,14.282
2000+,10-12,soft,1-3m,138,10.949
2000+,10-12,soft,10m+,76,9.487
2000+,10-12,soft,4-6m,192,12.068
2000+,10-12,soft,7-9m,117,11.154
2000+,10-12,soft,true,282,12.809
2000+,13+,dry,1-3m,85,11.835
2000+,13+,dry,10m+,25,14.4
2000+,13+,dry,4-6m,112,11.411
2000+,13+,dry,7-9m,68,11.603
2000+,13+,dry,true,161,14.845
2000+,13+,heavy,1-3m,6,12.5
2000+,13+,heavy,10m+,6,15.833
2000+,13+,heavy,4-6m,8,17.625
2000+,13+,heavy,7-9m,8,14.375
2000+,13+,heavy,true,15,17.2
2000+,13+,soft,1-3m,54,12.296
2000+,13+,soft,10m+,10,14.6
2000+,13+,soft,4-6m,73,14.822
2000+,13+,soft,7-9m,44,10.909
2000+,13+,soft,true,119,14.227
2000+,4-6,dry,1-3m,527,8.516
2000+,4-6,dry,10m+,179,6.682
2000+,4-6,dry,4-6m,869,8.708
2000+,4-6,dry,7-9m,490,9.296
2000+,4-6,dry,true,1158,10.326
2000+,4-6,heavy,1-3m,39,9.41
2000+,4-6,heavy,10m+,25,8.92
2000+,4-6,heavy,4-6m,82,10.049
2000+,4-6,heavy,7-9m,59,9.525
2000+,4-6,heavy,true,131,11.038
2000+,4-6,soft,1-3m,278,8.608
2000+,4-6,soft,10m+,144,8.826
2000+,4-6,soft,4-6m,425,10.268
2000+,4-6,soft,7-9m,284,9.479
2000+,4-6,soft,true,609,10.535
2000+,7-9,dry,1-3m,416,10.031
2000+,7-9,dry,10m+,148,7.845
2000+,7-9,dry,4-6m,737,9.986
2000+,7-9,dry,7-9m,425,10.299
2000+,7-9,dry,true,993,11.217
2000+,7-9,heavy,1-3m,28,10.857
2000+,7-9,heavy,10m+,27,10.037
2000+,7-9,heavy,4-6m,75,11.4
2000+,7-9,heavy,7-9m,51,10.235
2000+,7-9,heavy,true,128,13.258
2000+,7-9,soft,1-3m,244,10.43
2000+,7-9,soft,10m+,130,9.931
2000+,7-9,soft,4-6m,372,10.425
2000+,7-9,soft,7-9m,243,9.897
2000+,7-9,soft,true,538,11.727
sprint<=1100,1-3,dry,1-3m,1274,1.986
sprint<=1100,1-3,dry,10m+,420,1.324
sprint<=1100,1-3,dry,4-6m,2009,2.552
sprint<=1100,1-3,dry,7-9m,1083,2.397
sprint<=1100,1-3,dry,true,2800,2.552
sprint<=1100,1-3,heavy,1-3m,72,2.778
sprint<=1100,1-3,heavy,10m+,47,1.574
sprint<=1100,1-3,heavy,4-6m,199,3.236
sprint<=1100,1-3,heavy,7-9m,121,1.86
sprint<=1100,1-3,heavy,true,257,4.191
sprint<=1100,1-3,soft,1-3m,602,2.719
sprint<=1100,1-3,soft,10m+,392,2.745
sprint<=1100,1-3,soft,4-6m,1297,2.416
sprint<=1100,1-3,soft,7-9m,756,2.217
sprint<=1100,1-3,soft,true,1410,3.18
sprint<=1100,10-12,dry,1-3m,324,5.466
sprint<=1100,10-12,dry,10m+,165,3.327
sprint<=1100,10-12,dry,4-6m,528,5.57
sprint<=1100,10-12,dry,7-9m,282,4.961
sprint<=1100,10-12,dry,true,928,6.107
sprint<=1100,10-12,heavy,1-3m,21,5.476
sprint<=1100,10-12,heavy,10m+,13,5.308
sprint<=1100,10-12,heavy,4-6m,45,7.822
sprint<=1100,10-12,heavy,7-9m,21,2.81
sprint<=1100,10-12,heavy,true,76,8.895
sprint<=1100,10-12,soft,1-3m,227,6.216
sprint<=1100,10-12,soft,10m+,130,6.023
sprint<=1100,10-12,soft,4-6m,411,5.937
sprint<=1100,10-12,soft,7-9m,216,5.44
sprint<=1100,10-12,soft,true,494,6.818
sprint<=1100,13+,dry,1-3m,45,5.133
sprint<=1100,13+,dry,10m+,24,2.625
sprint<=1100,13+,dry,4-6m,78,5.231
sprint<=1100,13+,dry,7-9m,37,3.892
sprint<=1100,13+,dry,true,183,4.874
sprint<=1100,13+,heavy,1-3m,8,2.75
sprint<=1100,13+,heavy,10m+,2,4.5
sprint<=1100,13+,heavy,4-6m,7,12.714
sprint<=1100,13+,heavy,true,15,9.4
sprint<=1100,13+,soft,1-3m,40,6.75
sprint<=1100,13+,soft,10m+,23,7.696
sprint<=1100,13+,soft,4-6m,69,5.116
sprint<=1100,13+,soft,7-9m,27,5.185
sprint<=1100,13+,soft,true,96,7.167
sprint<=1100,4-6,dry,1-3m,1275,3.476
sprint<=1100,4-6,dry,10m+,418,2.014
sprint<=1100,4-6,dry,4-6m,2007,3.85
sprint<=1100,4-6,dry,7-9m,1084,3.653
sprint<=1100,4-6,dry,true,2769,4.071
sprint<=1100,4-6,heavy,1-3m,69,4.522
sprint<=1100,4-6,heavy,10m+,46,2.891
sprint<=1100,4-6,heavy,4-6m,198,4.929
sprint<=1100,4-6,heavy,7-9m,117,3.162
sprint<=1100,4-6,heavy,true,255,6.078
sprint<=1100,4-6,soft,1-3m,606,3.95
sprint<=1100,4-6,soft,10m+,395,3.992
sprint<=1100,4-6,soft,4-6m,1297,3.893
sprint<=1100,4-6,soft,7-9m,759,3.287
sprint<=1100,4-6,soft,true,1401,4.502
sprint<=1100,7-9,dry,1-3m,957,4.716
sprint<=1100,7-9,dry,10m+,345,2.722
sprint<=1100,7-9,dry,4-6m,1495,4.912
sprint<=1100,7-9,dry,7-9m,834,4.45
sprint<=1100,7-9,dry,true,2199,5.215
sprint<=1100,7-9,heavy,1-3m,49,4.939
sprint<=1100,7-9,heavy,10m+,29,4.414
sprint<=1100,7-9,heavy,4-6m,146,5.993
sprint<=1100,7-9,heavy,7-9m,78,4.41
sprint<=1100,7-9,heavy,true,182,7.648
sprint<=1100,7-9,soft,1-3m,497,5.006
sprint<=1100,7-9,soft,10m+,324,4.623
sprint<=1100,7-9,soft,4-6m,984,5.336
sprint<=1100,7-9,soft,7-9m,595,4.474
sprint<=1100,7-9,soft,true,1107,5.829
