band,bg,gb,n,mean
1200-1400,1-3,dry,13544,2.991
1200-1400,1-3,heavy,1473,2.801
1200-1400,1-3,soft,7612,2.959
1200-1400,10-12,dry,5706,4.536
1200-1400,10-12,heavy,491,4.547
1200-1400,10-12,soft,3410,4.612
1200-1400,13+,dry,1459,5.282
1200-1400,13+,heavy,95,5.54
1200-1400,13+,soft,883,5.207
1200-1400,4-6,dry,13621,3.322
1200-1400,4-6,heavy,1465,3.017
1200-1400,4-6,soft,7642,3.316
1200-1400,7-9,dry,11639,3.828
1200-1400,7-9,heavy,1167,3.557
1200-1400,7-9,soft,6472,3.821
1500-1800,1-3,dry,6709,3.41
1500-1800,1-3,heavy,750,3.46
1500-1800,1-3,soft,3677,3.515
1500-1800,10-12,dry,2517,4.912
1500-1800,10-12,heavy,266,5.164
1500-1800,10-12,soft,1674,5.044
1500-1800,13+,dry,585,6.269
1500-1800,13+,heavy,61,6.028
1500-1800,13+,soft,464,6.194
1500-1800,4-6,dry,6780,3.702
1500-1800,4-6,heavy,747,3.512
1500-1800,4-6,soft,3697,3.766
1500-1800,7-9,dry,5635,4.208
1500-1800,7-9,heavy,563,4.114
1500-1800,7-9,soft,3139,4.263
2000+,1-3,dry,3208,3.505
2000+,1-3,heavy,343,3.517
2000+,1-3,soft,1732,3.531
2000+,10-12,dry,1380,4.829
2000+,10-12,heavy,176,4.82
2000+,10-12,soft,807,5.124
2000+,13+,dry,458,6.227
2000+,13+,heavy,43,5.449
2000+,13+,soft,300,5.957
2000+,4-6,dry,3247,3.8
2000+,4-6,heavy,345,4.008
2000+,4-6,soft,1758,3.88
2000+,7-9,dry,2744,4.209
2000+,7-9,heavy,317,4.293
2000+,7-9,soft,1539,4.212
sprint<=1100,1-3,dry,7083,2.133
sprint<=1100,1-3,heavy,666,1.986
sprint<=1100,1-3,soft,4244,2.145
sprint<=1100,10-12,dry,2096,3.182
sprint<=1100,10-12,heavy,170,2.754
sprint<=1100,10-12,soft,1411,3.0
sprint<=1100,13+,dry,356,3.796
sprint<=1100,13+,heavy,32,2.959
sprint<=1100,13+,soft,257,3.332
sprint<=1100,4-6,dry,7055,2.367
sprint<=1100,4-6,heavy,657,2.314
sprint<=1100,4-6,soft,4235,2.306
sprint<=1100,7-9,dry,5491,2.737
sprint<=1100,7-9,heavy,466,2.379
sprint<=1100,7-9,soft,3332,2.712
