band,bg,n,mean
1200-1400,1-3,23846,3.293
1200-1400,10-12,10108,5.509
1200-1400,13+,2438,6.784
1200-1400,4-6,23946,4.096
1200-1400,7-9,20250,4.726
1500-1800,1-3,12040,3.393
1500-1800,10-12,4754,5.16
1500-1800,13+,1110,6.4
1500-1800,4-6,12118,3.995
1500-1800,7-9,10041,4.47
2000+,1-3,5792,3.783
2000+,10-12,2484,5.083
2000+,13+,801,5.9
2000+,4-6,5851,4.197
2000+,7-9,4953,4.565
sprint<=1100,1-3,14071,3.094
sprint<=1100,10-12,4125,6.423
sprint<=1100,13+,656,9.686
sprint<=1100,4-6,14007,4.062
sprint<=1100,7-9,10711,5.056
