date,n_bets,staked,pnl,cum_pnl,strike_pct
2026-04-26,7,169.23,+430.77,+430.77,43
2026-04-27,7,179.68,+220.32,+651.09,29
2026-04-28,4,126.36,-126.36,+524.73,0
2026-04-29,6,171.53,+28.47,+553.19,17
2026-04-30,12,223.82,-223.82,+329.37,0
2026-05-01,22,703.54,+96.46,+425.83,18
2026-05-02,34,1022.58,+377.42,+803.25,21
2026-05-03,6,198.20,+201.80,+1005.06,33
2026-05-04,7,158.82,+441.18,+1446.24,43
2026-05-05,9,195.06,+4.94,+1451.18,11
2026-05-06,7,99.40,+100.60,+1551.78,14
2026-05-07,7,159.17,+40.83,+1592.60,14
2026-05-08,16,531.45,+68.55,+1661.15,19
2026-05-09,39,1305.93,+494.07,+2155.23,23
2026-05-10,9,409.67,-9.67,+2145.55,22
2026-05-11,3,52.75,-52.75,+2092.80,0
2026-05-12,0,0.00,+0.00,+2092.80,
2026-05-13,7,185.60,+414.40,+2507.20,43
2026-05-14,4,92.04,-92.04,+2415.16,0
2026-05-15,11,271.84,-71.84,+2343.31,9
2026-05-16,34,1221.75,-421.75,+1921.57,12
2026-05-17,9,257.66,-257.66,+1663.91,0
2026-05-18,4,49.72,-49.72,+1614.19,0
2026-05-19,5,268.61,-268.61,+1345.58,0
2026-05-20,10,254.14,+145.86,+1491.44,20
2026-05-21,15,359.37,+40.63,+1532.07,13
2026-05-22,8,254.00,-254.00,+1278.07,0
2026-05-23,31,1388.96,+411.04,+1689.12,29
2026-05-24,14,531.25,-331.25,+1357.87,7
2026-05-25,1,36.36,-36.36,+1321.50,0
2026-05-26,3,150.11,-150.11,+1171.39,0
2026-05-27,9,168.82,+431.18,+1602.57,33
2026-05-28,0,0.00,+0.00,+1602.57,
2026-05-29,6,128.04,-128.04,+1474.54,0
2026-05-30,30,832.15,-232.15,+1242.39,10
2026-05-31,14,392.68,+7.32,+1249.71,14
2026-06-01,7,228.60,-28.60,+1221.11,14
2026-06-02,3,58.89,-58.89,+1162.22,0
2026-06-03,7,201.99,-201.99,+960.23,0
2026-06-04,7,218.15,+181.85,+1142.07,29
2026-06-05,8,235.29,+364.71,+1506.78,38
2026-06-06,32,990.75,+409.25,+1916.03,22
2026-06-07,10,274.55,+325.45,+2241.48,30
2026-06-08,5,107.20,+92.80,+2334.27,20
2026-06-09,0,0.00,+0.00,+2334.27,
2026-06-10,5,111.39,-111.39,+2222.89,0
2026-06-11,6,128.64,-128.64,+2094.24,0
2026-06-12,6,111.99,+88.01,+2182.25,17
2026-06-13,33,1235.87,-635.87,+1546.38,9
2026-06-14,16,408.41,-8.41,+1537.97,12
2026-06-15,7,150.67,+49.33,+1587.30,14
2026-06-16,0,0.00,+0.00,+1587.30,
2026-06-17,0,0.00,+0.00,+1587.30,
2026-06-18,0,0.00,+0.00,+1587.30,
2026-06-19,0,0.00,+0.00,+1587.30,
2026-06-20,0,0.00,+0.00,+1587.30,
2026-06-21,0,0.00,+0.00,+1587.30,
2026-06-22,0,0.00,+0.00,+1587.30,
2026-06-23,6,156.23,-156.23,+1431.06,0
2026-06-24,0,0.00,+0.00,+1431.06,
2026-06-25,0,0.00,+0.00,+1431.06,
2026-06-26,0,0.00,+0.00,+1431.06,
2026-06-27,38,1142.73,-342.73,+1088.34,11
2026-06-28,0,0.00,+0.00,+1088.34,
2026-06-29,0,0.00,+0.00,+1088.34,
2026-06-30,0,0.00,+0.00,+1088.34,
2026-07-01,0,0.00,+0.00,+1088.34,
2026-07-02,0,0.00,+0.00,+1088.34,
2026-07-03,0,0.00,+0.00,+1088.34,
2026-07-04,31,1084.78,+315.22,+1403.55,23
2026-07-05,10,279.40,+120.60,+1524.15,20
2026-07-06,6,86.08,+113.92,+1638.08,17
2026-07-07,4,144.21,+55.79,+1693.87,25
2026-07-08,11,324.38,+75.62,+1769.49,18
2026-07-09,7,179.94,-179.94,+1589.55,0
2026-07-10,9,220.38,-220.38,+1369.17,0
2026-07-11,38,1214.51,+385.49,+1754.66,21
2026-07-12,0,0.00,+0.00,+1754.66,
2026-07-13,4,137.65,-137.65,+1617.01,0
2026-07-14,1,64.52,-64.52,+1552.49,0
2026-07-15,0,0.00,+0.00,+1552.49,
2026-07-16,0,0.00,+0.00,+1552.49,
2026-07-17,3,60.44,+139.56,+1692.05,33
2026-07-18,28,912.04,+687.96,+2380.01,29
2026-07-19,0,0.00,+0.00,+2380.01,
2026-07-20,0,0.00,+0.00,+2380.01,
2026-07-21,0,0.00,+0.00,+2380.01,
2026-07-22,0,0.00,+0.00,+2380.01,
2026-07-23,0,0.00,+0.00,+2380.01,
2026-07-24,5,202.19,-202.19,+2177.83,0
2026-07-25,46,1646.85,-246.85,+1930.98,15
2026-07-26,7,194.45,-194.45,+1736.53,0
2026-07-27,1,74.07,-74.07,+1662.45,0
2026-07-28,0,0.00,+0.00,+1662.45,
2026-07-29,10,178.01,+21.99,+1684.44,10
2026-07-30,3,32.51,-32.51,+1651.93,0
2026-07-31,9,190.26,+609.74,+2261.67,44
2026-08-01,69,2126.00,+674.00,+2935.67,20
2026-08-02,8,285.29,+114.71,+3050.38,25
2026-08-03,4,46.93,+153.07,+3203.46,25
2026-08-04,3,30.55,-30.55,+3172.91,0
2026-08-05,3,41.44,+158.56,+3331.46,33
2026-08-06,11,387.13,+212.87,+3544.33,27
2026-08-07,8,239.89,+160.11,+3704.44,25
2026-08-08,31,1132.16,-532.16,+3172.28,10
2026-08-09,7,291.75,+108.25,+3280.53,29
2026-08-10,9,201.64,-201.64,+3078.89,0
2026-08-11,8,276.31,+123.69,+3202.57,25
2026-08-12,7,158.96,-158.96,+3043.61,0
2026-08-13,5,103.33,-103.33,+2940.28,0
2026-08-14,5,92.46,-92.46,+2847.82,0
2026-08-15,26,937.20,+62.80,+2910.62,19
2026-08-16,7,178.62,+221.38,+3131.99,29
2026-08-17,7,236.25,+163.75,+3295.75,29
2026-08-18,4,98.51,-98.51,+3197.23,0
2026-08-19,11,166.57,-166.57,+3030.66,0
2026-08-20,6,152.17,-152.17,+2878.49,0
2026-08-21,5,94.75,-94.75,+2783.74,0
2026-08-22,38,1200.69,-400.69,+2383.04,11
2026-08-23,5,86.69,+113.31,+2496.36,20
2026-08-24,0,0.00,+0.00,+2496.36,
2026-08-25,2,27.71,+172.29,+2668.65,50
2026-08-26,2,87.27,+112.73,+2781.38,50
2026-08-27,1,13.33,-13.33,+2768.04,0
2026-08-28,5,161.71,-161.71,+2606.34,0
2026-08-29,14,610.15,-10.15,+2596.19,21
2026-08-30,3,56.26,-56.26,+2539.93,0
2026-08-31,0,0.00,+0.00,+2539.93,
2026-09-01,4,72.69,-72.69,+2467.24,0
2026-09-02,11,183.78,-183.78,+2283.45,0
