age,mon,db,wfa_tab
2,1,8,45.312499999999986
2,1,9,45.625
2,1,10,45.25000000000001
2,1,11,45.62500000000001
2,1,12,45.75
2,2,8,46.375
2,2,9,46.5
2,2,10,46.5
2,2,11,46.25000000000001
2,2,12,46.624999999999986
2,2,13,45.250000000000014
2,3,8,47.125
2,3,9,46.75
2,3,10,47.125
2,3,11,47.0
2,3,12,47.25
2,3,13,46.4375
2,3,14,46.0
2,3,15,46.0
2,4,8,47.75
2,4,9,48.25
2,4,10,48.125
2,4,11,48.12499999999999
2,4,12,48.124999999999986
2,4,13,47.250000000000014
2,4,14,46.75
2,4,16,46.5625
2,5,8,48.75
2,5,9,49.25
2,5,10,48.87499999999999
2,5,11,48.875
2,5,12,48.875
2,5,13,48.12499999999999
2,5,14,47.750000000000014
2,5,15,47.374999999999986
2,5,16,47.375
2,6,8,49.5
2,6,9,49.625
2,6,10,49.875
2,6,11,49.75
2,6,12,49.62499999999999
2,6,13,48.75
2,6,14,48.87499999999999
2,6,15,48.000000000000014
2,6,16,48.25
2,6,17,47.0
2,6,18,47.50000000000001
2,7,8,50.625
2,7,9,50.5625
2,7,10,50.625
2,7,11,50.75
2,7,12,50.5
2,7,13,49.75
2,7,14,49.75
2,7,15,49.25
2,7,16,49.1875
2,9,9,41.75
2,9,10,42.00000000000001
2,10,9,42.375
2,10,10,42.5
2,11,9,43.8125
2,11,10,43.37500000000001
2,11,11,43.75
2,11,12,43.75
2,12,8,44.25
2,12,9,44.3125
2,12,10,44.5
2,12,11,44.375
2,12,12,44.75
3,1,8,55.1875
3,1,9,55.375
3,1,10,55.125000000000014
3,1,11,55.25
3,1,12,55.25
3,1,13,55.124999999999986
3,1,14,55.000000000000014
3,1,15,54.75
3,1,16,54.5
3,1,17,53.74999999999999
3,1,18,53.5625
3,1,19,53.25000000000001
3,1,20,53.50000000000001
3,1,21,52.87499999999999
3,1,22,52.75000000000001
3,1,24,52.625
3,2,8,55.625
3,2,9,55.5625
3,2,10,55.75
3,2,11,55.75
3,2,12,55.75
3,2,13,55.75
3,2,14,55.75
3,2,15,55.25
3,2,16,55.25
3,2,17,54.25
3,2,18,54.37499999999999
3,2,19,54.125
3,2,20,54.375
3,2,21,53.250000000000014
3,2,22,53.25
3,2,24,53.0
3,3,8,56.12500000000001
3,3,9,56.12499999999999
3,3,10,56.125
3,3,11,56.125
3,3,12,56.125
3,3,13,56.125000000000014
3,3,14,56.0625
3,3,15,55.75
3,3,16,55.625
3,3,17,54.874999999999986
3,3,18,54.87500000000001
3,3,19,54.875
3,3,20,54.875
3,3,21,54.125
3,3,22,54.125
3,3,23,53.75
3,3,24,53.875
3,4,8,56.75
3,4,9,56.375
3,4,10,56.5625
3,4,11,56.5625
3,4,12,56.500000000000014
3,4,13,56.5
3,4,14,56.37500000000001
3,4,15,56.25000000000001
3,4,16,56.125
3,4,17,55.50000000000001
3,4,18,55.375
3,4,19,55.25
3,4,20,55.5
3,4,21,54.87499999999999
3,4,22,54.5625
3,4,24,54.375
3,5,8,56.9375
3,5,9,57.0
3,5,10,56.875000000000014
3,5,11,56.875
3,5,12,56.999999999999986
3,5,13,56.87500000000001
3,5,14,56.875
3,5,15,56.75
3,5,16,56.625
3,5,17,56.125000000000014
3,5,18,55.87500000000001
3,5,19,55.99999999999999
3,5,20,56.0
3,5,21,55.25
3,5,22,55.25
3,5,23,55.1875
3,5,24,54.37500000000001
3,6,8,57.375
3,6,9,57.25
3,6,10,57.375
3,6,11,57.375
3,6,12,57.25000000000001
3,6,13,57.375
3,6,14,57.3125
3,6,15,57.25
3,6,16,57.249999999999986
3,6,17,56.5
3,6,18,56.749999999999986
3,6,19,56.75
3,6,20,56.374999999999986
3,6,21,55.875
3,6,22,55.75
3,6,23,56.25
3,6,24,55.75
3,7,8,57.8125
3,7,9,57.8125
3,7,10,57.75
3,7,11,57.75000000000001
3,7,12,57.75
3,7,13,57.875
3,7,14,57.75
3,7,15,57.75
3,7,16,57.625
3,7,17,57.24999999999999
3,7,18,57.249999999999986
3,7,19,57.374999999999986
3,7,20,56.75
3,7,21,56.75
3,7,22,56.625
3,7,24,56.87500000000001
3,8,8,51.75
3,8,9,51.875
3,8,10,51.87499999999999
3,8,11,51.75000000000001
3,8,12,51.75
3,8,13,50.87499999999999
3,8,14,50.875
3,8,15,50.4375
3,8,16,49.75
3,8,17,49.5
3,8,18,49.5
3,8,20,49.375000000000014
3,9,8,52.50000000000001
3,9,9,52.75
3,9,10,52.5
3,9,11,52.5
3,9,12,52.375
3,9,13,51.75
3,9,14,51.624999999999986
3,9,15,51.25
3,9,16,51.25
3,9,17,50.125
3,9,18,50.1875
3,9,19,50.12499999999999
3,9,20,50.375
3,9,21,49.6875
3,10,8,53.1875
3,10,9,53.18750000000001
3,10,10,53.125000000000014
3,10,11,53.25
3,10,12,53.12500000000001
3,10,13,52.625
3,10,14,52.5
3,10,15,52.12499999999999
3,10,16,51.999999999999986
3,10,17,50.87499999999999
3,10,18,51.0
3,10,19,50.75
3,10,20,51.125
3,10,21,50.500000000000014
3,10,24,50.24999999999999
3,11,8,53.875
3,11,9,53.75
3,11,10,53.87499999999999
3,11,11,53.875
3,11,12,53.75
3,11,13,53.499999999999986
3,11,14,53.25
3,11,15,53.00000000000001
3,11,16,52.87500000000001
3,11,17,52.0
3,11,18,51.875
3,11,19,51.750000000000014
3,11,20,51.875
3,11,21,51.375
3,11,22,51.375
3,11,24,50.3125
3,12,8,54.75
3,12,9,54.5
3,12,10,54.5
3,12,11,54.50000000000001
3,12,12,54.375
3,12,13,54.25
3,12,14,54.12500000000001
3,12,15,53.874999999999986
3,12,16,53.74999999999999
3,12,17,52.999999999999986
3,12,18,52.75
3,12,19,52.6875
3,12,20,52.75
3,12,21,51.87500000000001
3,12,22,52.25
3,12,24,51.75
4,1,8,58.5
4,1,9,58.5
4,1,10,58.5
4,1,11,58.5
4,1,12,58.5
4,1,13,59.0
4,1,14,59.0
4,1,15,59.0
4,1,16,59.0
4,1,17,58.875
4,1,18,58.99999999999999
4,1,19,59.0
4,1,20,58.875
4,1,21,58.37500000000001
4,1,22,58.5
4,1,24,59.000000000000014
4,2,8,58.5
4,2,9,58.5
4,2,10,58.5
4,2,11,58.5
4,2,12,58.5
4,2,13,59.0
4,2,14,59.0
4,2,15,59.0
4,2,16,59.0
4,2,17,59.0
4,2,18,58.99999999999999
4,2,19,59.0
4,2,20,58.99999999999999
4,2,21,58.625
4,2,22,58.625
4,2,23,58.50000000000001
4,2,24,59.5
4,3,8,58.5
4,3,9,58.5
4,3,10,58.5
4,3,11,58.5
4,3,12,58.5
4,3,13,59.0
4,3,14,59.0
4,3,15,59.0
4,3,16,59.0
4,3,17,59.0
4,3,18,59.0
4,3,19,59.0
4,3,20,59.0
4,3,21,58.625
4,3,22,58.625
4,3,23,58.625
4,3,24,59.5
4,4,8,58.5
4,4,9,58.5
4,4,10,58.5
4,4,11,58.5
4,4,12,58.5
4,4,13,59.0
4,4,14,59.0
4,4,15,59.0
4,4,16,59.0
4,4,17,59.0
4,4,18,59.0
4,4,19,59.0
4,4,20,58.75
4,4,21,58.75
4,4,22,58.75
4,4,23,58.25
4,4,24,59.25
4,5,8,58.5
4,5,9,58.5
4,5,10,58.5
4,5,11,58.5
4,5,12,58.5
4,5,13,59.0
4,5,14,59.0
4,5,15,59.0
4,5,16,59.0
4,5,17,59.0
4,5,18,59.0
4,5,19,59.0
4,5,20,58.99999999999999
4,5,21,58.75000000000001
4,5,22,58.75000000000001
4,5,23,58.875
4,5,24,59.5
4,6,8,58.5
4,6,9,58.5
4,6,10,58.5
4,6,11,58.5
4,6,12,58.5
4,6,13,59.0
4,6,14,59.0
4,6,15,59.0
4,6,16,59.0
4,6,17,59.0
4,6,18,59.0
4,6,19,59.0
4,6,20,59.0
4,6,21,58.875
4,6,22,58.875
4,6,24,58.875
4,7,8,58.5
4,7,9,58.5
4,7,10,58.5
4,7,11,58.5
4,7,12,58.5
4,7,13,59.0
4,7,14,59.0
4,7,15,59.0
4,7,16,59.0
4,7,17,59.0
4,7,18,59.0
4,7,19,59.0
4,7,20,59.0
4,7,21,59.0
4,7,22,59.0
4,7,24,59.5
4,8,8,58.5
4,8,9,58.5
4,8,10,58.5
4,8,11,58.5
4,8,12,58.5
4,8,13,58.625
4,8,14,58.625
4,8,15,58.625
4,8,16,58.625
4,8,17,58.12500000000001
4,8,18,58.999999999999986
4,8,19,58.99999999999999
4,8,20,59.0
4,8,21,57.625
4,8,22,58.99999999999999
4,8,24,57.625
4,9,8,58.5
4,9,9,58.5
4,9,10,58.5
4,9,11,58.5
4,9,12,58.5
4,9,13,58.749999999999986
4,9,14,58.625
4,9,15,58.75000000000001
4,9,16,58.625
4,9,17,58.25000000000001
4,9,18,58.250000000000014
4,9,19,58.25000000000001
4,9,20,58.25
4,9,21,57.75
4,9,22,59.0
4,9,24,59.0
4,10,8,58.5
4,10,9,58.49999999999999
4,10,10,58.5
4,10,11,58.5
4,10,12,58.5
4,10,13,58.75
4,10,14,58.75000000000001
4,10,15,58.75
4,10,16,58.75
4,10,17,58.5
4,10,18,58.50000000000001
4,10,19,58.5
4,10,20,58.5
4,10,21,57.9375
4,10,22,58.0
4,10,23,57.875
4,10,24,58.000000000000014
4,11,8,58.5
4,11,9,58.5
4,11,10,58.5
4,11,11,58.5
4,11,12,58.5
4,11,13,58.75
4,11,14,58.75000000000001
4,11,15,58.75
4,11,16,58.75000000000001
4,11,17,58.625
4,11,18,58.5625
4,11,19,58.75
4,11,20,58.999999999999986
4,11,21,58.25
4,11,22,58.12500000000001
4,11,24,58.25
4,12,9,58.5
4,12,10,58.5
4,12,11,58.5
4,12,12,58.5
4,12,13,58.875
4,12,14,58.875
4,12,15,58.875
4,12,16,58.875
4,12,17,58.75
4,12,18,58.75
4,12,19,58.75
4,12,20,58.75
4,12,21,58.25000000000001
4,12,22,58.25
4,12,24,58.625
